{"stats":{"minecraft:killed":{"minecraft:pig":3,"minecraft:spider":1,"enemyexpansion:equestrian":1,"minecraft:vindicator":1,"minecraft:skeleton":1,"minecraft:pillager":12,"enemyexpansion:botfly":5},"minecraft:custom":{"minecraft:interact_with_smithing_table":1,"enigmaticlegacy:play_time_with_seven_curses":0,"minecraft:interact_with_furnace":1,"lootr:looted_stat":64,"minecraft:inspect_dropper":4,"minecraft:mob_kills":26,"enigmaticlegacy:play_time_without_seven_curses":172144,"minecraft:interact_with_cartography_table":1,"minecraft:interact_with_crafting_table":9,"minecraft:leave_game":2,"minecraft:time_since_death":102268,"minecraft:sleep_in_bed":10,"minecraft:climb_one_cm":12484,"minecraft:damage_resisted":83,"minecraft:time_since_rest":8657,"minecraft:waystone_activated":5,"minecraft:sprint_one_cm":412878,"minecraft:damage_absorbed":60,"minecraft:damage_taken":3823,"minecraft:walk_one_cm":504901,"minecraft:damage_blocked_by_shield":1012,"minecraft:drop":11,"minecraft:damage_dealt":6711,"minecraft:swim_one_cm":49932,"minecraft:talked_to_villager":9,"minecraft:fly_one_cm":735677,"minecraft:open_chest":20,"minecraft:crouch_one_cm":5942,"minecraft:play_time":172280,"minecraft:deaths":4,"minecraft:sneak_time":4049,"minecraft:walk_under_water_one_cm":17829,"minecraft:jump":3137,"minecraft:interact_with_blast_furnace":1,"minecraft:walk_on_water_one_cm":57373,"minecraft:total_world_time":204896,"minecraft:fall_one_cm":102166,"minecraft:inspect_dispenser":2},"minecraft:mined":{"quark:violet_corundum":1,"undead_unleashed:charstone":1,"minecraft:podzol":1,"twigs:pebble":1,"minecraft:glass_pane":2,"minecraft:red_bed":7,"minecraft:dandelion":2,"minecraft:crafting_table":1,"minecraft:obsidian":15,"minecraft:poppy":2,"minecraft:acacia_log":17,"minecraft:grass_block":4,"byg:subzero_ash":1,"minecraft:melon":7,"darkerdepths:amber":2,"minecraft:nether_quartz_ore":2,"minecraft:sugar_cane":16,"byg:sythian_nylium":2,"minecraft:fire":1,"atmospheric:laurel_log":4,"globalxp:xp_block":1,"byg:subzero_ash_block":63,"minecraft:grass":170,"darkerdepths:shale":2,"minecraft:coal_ore":4,"bakery:strawberry_jungle":1,"minecraft:sand":8,"minecraft:dirt":2,"minecraft:cobweb":4,"minecraft:stone":2,"minecraft:netherrack":3,"minecraft:mossy_stone_bricks":1,"atmospheric:arid_sand":7},"minecraft:killed_by":{"minecraft:vindicator":4},"minecraft:dropped":{"minecolonies:supplycampdeployer":1,"twigs:pebble":1,"bakery:strawberry_seeds":1,"apotheosis:gem":4,"atmospheric:laurel_planks":11,"minecraft:sand":1,"minecraft:written_book":1},"minecraft:crafted":{"minecraft:crafting_table":1,"minecraft:smithing_table":1,"minecraft:iron_bars":16,"cisco_mod:adventurer_chestplate":1,"minecraft:iron_chestplate":1,"minecraft:diamond_pickaxe":1,"minecraft:stick":8,"atmospheric:laurel_planks":16,"minecraft:acacia_door":3,"minecraft:acacia_planks":64,"woodworks:acacia_chest":4},"minecraft:picked_up":{"minecraft:crafting_table":1,"minecraft:wheat":1,"atmospheric:laurel_log":4,"bakery:strawberry_seeds":1,"waystones:sandy_waystone":3,"byg:subzero_ash_block":63,"undead_unleashed:charstone_shard":4,"minecraft:dirt":6,"minecraft:string":5,"minecraft:red_bed":7,"minecraft:white_banner":1,"darkerdepths:shale":2,"minecraft:armor_stand":4,"minecraft:bone":1,"takesapillage:ravager_horn":1,"darkerdepths:amber":3,"minecraft:wheat_seeds":18,"twigs:pebble":1,"minecraft:written_book":1,"minecraft:poppy":2,"atmospheric:arid_sand":6,"twigs:twig":2,"minecraft:melon_slice":42,"minecraft:sugar_cane":26,"globalxp:xp_block":1,"minecraft:acacia_sapling":3,"apotheosis:gem":6,"minecraft:dandelion":2,"minecraft:quartz":2,"minecraft:acacia_log":16,"minecraft:porkchop":5,"atmospheric:dragon_fruit":1,"minecraft:sand":8,"undead_unleashed:grave_metal_scrap":2,"majruszsaccessories:dream_catcher":1,"minecraft:rotten_flesh":2,"minecraft:firework_rocket":9,"minecraft:arrow":14,"atmospheric:barrel_cactus":4,"atmospheric:laurel_planks":11,"minecraft:emerald":6,"minecraft:netherrack":4,"minecraft:obsidian":15,"minecolonies:supplycampdeployer":1},"minecraft:broken":{"majruszsdifficulty:tattered_boots":1},"minecraft:used":{"waystones:sandy_waystone":1,"minecraft:flint_and_steel":1,"minecraft:shield":6,"minecraft:iron_sword":8,"strictly_origins:damaged_durendal":56,"minecraft:dirt":3,"minecraft:sand":3,"minecraft:crafting_table":2,"atmospheric:dragon_fruit":22,"minecraft:red_bed":7,"minecraft:obsidian":11,"minecraft:diamond_pickaxe":30,"minecraft:acacia_door":2,"darkerdepths:shale":2,"minecraft:bread":10,"atmospheric:laurel_planks":13,"atmospheric:arid_sand":5,"globalxp:xp_block":2,"minecraft:diamond_sword":17,"woodworks:acacia_chest":4,"minecraft:wooden_sword":37,"minecraft:bow":4,"minecraft:written_book":2,"minecraft:smithing_table":1,"minecraft:cooked_porkchop":1,"byg:subzero_ash_block":58,"minecraft:golden_pickaxe":11,"minecraft:golden_axe":17}},"DataVersion":3120}