{"stats":{"minecraft:custom":{"minecraft:interact_with_smithing_table":2,"enigmaticlegacy:play_time_with_seven_curses":0,"lootr:looted_stat":71,"minecraft:inspect_dropper":4,"minecraft:mob_kills":63,"minecraft:interact_with_crafting_table":11,"minecraft:damage_dealt_resisted":578,"minecraft:leave_game":3,"minecraft:time_since_death":1168,"minecraft:climb_one_cm":21642,"minecraft:damage_resisted":83,"minecraft:sprint_one_cm":658018,"minecraft:walk_one_cm":763901,"minecraft:damage_blocked_by_shield":1658,"minecraft:drop":13,"minecraft:damage_dealt_absorbed":125,"minecraft:talked_to_villager":12,"minecraft:play_time":236251,"minecraft:deaths":20,"minecraft:sneak_time":4974,"minecraft:walk_under_water_one_cm":17829,"minecraft:jump":4244,"minecraft:interact_with_blast_furnace":1,"minecraft:walk_on_water_one_cm":58443,"minecraft:total_world_time":268867,"minecraft:interact_with_furnace":1,"minecraft:traded_with_villager":1,"enigmaticlegacy:play_time_without_seven_curses":234556,"minecraft:interact_with_cartography_table":2,"minecraft:sleep_in_bed":16,"minecraft:time_since_rest":1010,"minecraft:waystone_activated":6,"minecraft:damage_taken":13697,"minecraft:damage_absorbed":60,"minecraft:damage_dealt":25739,"minecraft:fly_one_cm":1016483,"minecraft:swim_one_cm":49932,"minecraft:open_chest":28,"minecraft:crouch_one_cm":8011,"minecraft:fall_one_cm":147654,"minecraft:inspect_dispenser":4},"minecraft:crafted":{"minecraft:iron_bars":16,"blue_skies:blue_journal":1,"minecraft:crafting_table":1,"minecraft:smithing_table":1,"cisco_mod:adventurer_chestplate":1,"minecraft:iron_chestplate":1,"minecraft:diamond_pickaxe":1,"minecraft:stick":8,"atmospheric:laurel_planks":16,"minecraft:acacia_door":3,"minecraft:acacia_planks":64,"woodworks:acacia_chest":4},"minecraft:killed_by":{"minecraft:creeper":1,"undead_unleashed:frenzied_knight":6,"iter_rpg:spiderling":1,"minecraft:vindicator":4,"enemyexpansion:scorpion":1,"minecraft:skeleton":4,"minecraft:zombie":1,"mowziesmobs:umvuthana_raptor":2},"minecraft:dropped":{"minecolonies:supplycampdeployer":1,"twigs:pebble":1,"minecraft:dirt":2,"bakery:strawberry_seeds":1,"minecraft:sand":1,"minecraft:dandelion":7,"apotheosis:gem":4,"atmospheric:laurel_planks":11,"minecraft:written_book":1},"minecraft:killed":{"minecraft:cave_spider":1,"minecraft:spider":3,"minecraft:vindicator":1,"enemyexpansion:equestrian":2,"minecraft:skeleton":9,"enemyexpansion:scorpion":1,"minecraft:husk":3,"alexsmobs:guster":2,"minecraft:pig":3,"iter_rpg:spiderling":1,"enemyexpansion:sprinter":1,"undead_unleashed:frenzied_knight":1,"minecraft:pillager":12,"minecraft:zombie":6,"undead_unleashed:shadewraith":1,"enemyexpansion:botfly":6,"enemyexpansion:huntsman":1,"minecraft:stray":1,"undead_unleashed:haunter":3},"minecraft:used":{"waystones:sandy_waystone":1,"minecraft:flint_and_steel":1,"minecraft:ladder":1,"minecraft:shield":11,"minecraft:iron_sword":8,"strictly_origins:damaged_durendal":56,"minecraft:torch":64,"minecraft:dirt":3,"minecraft:obsidian":11,"minecraft:smooth_sandstone":7,"atmospheric:arid_sand":5,"minecraft:bow":49,"minecraft:written_book":2,"minecraft:golden_axe":17,"minecraft:sandstone_stairs":4,"twilightforest:fiery_sword":46,"minecraft:sandstone":8,"minecraft:diamond_axe":78,"minecraft:sand":5,"minecraft:crafting_table":2,"atmospheric:dragon_fruit":22,"minecraft:red_bed":7,"farmersdelight:bacon_and_eggs":7,"farmersdelight:ratatouille":4,"minecraft:diamond_pickaxe":168,"minecraft:acacia_door":2,"darkerdepths:shale":2,"minecraft:bread":15,"atmospheric:laurel_planks":13,"alexsmobs:tendon_whip":12,"minecraft:diamond_sword":144,"woodworks:acacia_chest":4,"minecraft:wooden_sword":37,"globalxp:xp_block":2,"minecraft:cooked_porkchop":1,"minecraft:smithing_table":1,"byg:subzero_ash_block":58,"minecraft:golden_pickaxe":11},"minecraft:picked_up":{"minecolonies:supplycampdeployer":1,"irons_spellbooks:scroll":1,"minecraft:crafting_table":1,"minecraft:wheat":1,"minecraft:redstone_block":1,"minecraft:ladder":2,"minecraft:flower_pot":1,"undead_unleashed:cursed_cloth":1,"bakery:strawberry_seeds":1,"byg:subzero_ash_block":63,"minecraft:string":23,"minecraft:red_bed":7,"darkerdepths:shale":2,"minecraft:armor_stand":4,"minecraft:item_frame":1,"takesapillage:ravager_horn":1,"minecraft:gold_nugget":3,"twigs:pebble":1,"minecraft:written_book":1,"minecraft:iron_nugget":3,"minecraft:poppy":2,"atmospheric:arid_sand":6,"minecraft:melon_slice":42,"minecraft:sugar_cane":26,"globalxp:xp_block":1,"minecraft:tipped_arrow":1,"minecraft:sandstone":8,"apotheosis:gem":18,"minecraft:acacia_log":60,"minecraft:porkchop":5,"atmospheric:dragon_fruit":1,"ars_nouveau:split_arrow":36,"alexsmobs:tendon_whip":1,"minecraft:redstone":19,"majruszsaccessories:dream_catcher":2,"minecraft:tnt":2,"minecraft:arrow":23,"minecraft:rotten_flesh":15,"minecraft:sandstone_stairs":4,"sophisticatedbackpacks:copper_backpack":1,"supplementaries:ash":1,"minecraft:obsidian":15,"minecraft:cobblestone":23,"atmospheric:laurel_log":4,"waystones:sandy_waystone":3,"minecraft:oak_log":11,"minecraft:chainmail_chestplate":1,"minecraft:gunpowder":2,"minecraft:wither_skeleton_skull":1,"enemyexpansion:scorpion_tail":1,"undead_unleashed:charstone_shard":4,"minecraft:dirt":8,"minecraft:white_banner":1,"minecraft:smooth_sandstone":7,"minecraft:bone":13,"minecraft:wheat_seeds":18,"darkerdepths:amber":3,"majruszsdifficulty:tattered_leggings":1,"minecraft:stripped_oak_wood":1,"twigs:twig":2,"minecraft:acacia_sapling":3,"minecraft:book":42,"irons_spellbooks:frozen_bone":4,"minecraft:quartz":2,"minecraft:dandelion":2,"minecraft:sand":16,"undead_unleashed:grave_metal_scrap":9,"minecraft:lily_of_the_valley":1,"minecraft:spider_eye":2,"minecraft:mossy_cobblestone":1,"quark:jasper":1,"minecraft:firework_rocket":9,"alexsmobs:guster_eye":1,"atmospheric:barrel_cactus":4,"atmospheric:laurel_planks":11,"blue_skies:turquoise_stonebrick":14,"minecraft:emerald":6,"alexsmobs:maggot":1,"minecraft:oak_sapling":7,"minecraft:netherrack":4,"minecraft:coal":47,"majruszsdifficulty:tattered_chestplate":1},"minecraft:broken":{"majruszsdifficulty:tattered_boots":1},"minecraft:mined":{"undead_unleashed:charstone":1,"minecraft:mossy_cobblestone":1,"minecraft:obsidian":15,"minecraft:ladder":2,"minecraft:grass_block":5,"minecraft:acacia_log":61,"byg:subzero_ash":1,"darkerdepths:amber":2,"minecraft:sandstone":17,"quark:jasper":1,"minecraft:sandstone_stairs":4,"minecraft:redstone_ore":4,"byg:sythian_nylium":2,"minecraft:fire":1,"minecraft:bookshelf":14,"darkerdepths:shale":2,"bakery:strawberry_jungle":1,"minecraft:stone":26,"atmospheric:arid_sand":7,"quark:violet_corundum":1,"minecraft:podzol":1,"minecraft:acacia_leaves":8,"twigs:pebble":1,"minecraft:redstone_block":1,"minecraft:glass_pane":2,"ecologics:pot":7,"minecraft:red_bed":7,"blue_skies:turquoise_stonebrick":14,"minecraft:potted_lily_of_the_valley":1,"minecraft:dandelion":2,"minecraft:crafting_table":1,"minecraft:smooth_sandstone":8,"minecraft:poppy":2,"minecraft:melon":7,"minecraft:dead_bush":1,"minecraft:nether_quartz_ore":2,"minecraft:cobblestone":5,"minecraft:sugar_cane":16,"minecraft:blue_terracotta":1,"atmospheric:laurel_log":4,"globalxp:xp_block":1,"byg:subzero_ash_block":63,"minecraft:stripped_oak_wood":1,"minecraft:tnt":2,"minecraft:grass":172,"minecraft:oak_log":11,"minecraft:coal_ore":51,"minecraft:sand":10,"minecraft:dirt":3,"minecraft:cobweb":4,"minecraft:netherrack":3,"minecraft:mossy_stone_bricks":1,"minecraft:oak_leaves":3}},"DataVersion":3120}