{"stats":{"minecraft:custom":{"enigmaticlegacy:play_time_with_seven_curses":0,"lootr:looted_stat":120,"minecraft:interact_with_crafting_table":33,"minecraft:open_barrel":1,"minecraft:leave_game":9,"minecraft:time_since_death":59835,"minecraft:damage_resisted":83,"minecraft:sprint_one_cm":867353,"minecraft:damage_blocked_by_shield":2144,"minecraft:drop":17,"minecraft:talked_to_villager":18,"minecraft:play_time":446768,"minecraft:deaths":29,"minecraft:jump":5133,"minecraft:walk_on_water_one_cm":115755,"minecraft:enchant_item":13,"minecraft:interact_with_furnace":8,"minecraft:traded_with_villager":1,"minecraft:interact_with_cartography_table":2,"minecraft:interact_with_loom":1,"minecraft:sleep_in_bed":29,"minecraft:waystone_activated":8,"minecraft:damage_dealt":98510,"minecraft:crouch_one_cm":11209,"minecraft:interact_with_smoker":1,"minecraft:inspect_dispenser":4,"minecraft:horse_one_cm":6091,"minecraft:interact_with_smithing_table":4,"minecraft:inspect_dropper":5,"minecraft:interact_with_anvil":7,"minecraft:mob_kills":139,"minecraft:damage_dealt_resisted":578,"minecraft:climb_one_cm":26880,"minecraft:walk_one_cm":1476987,"minecraft:damage_dealt_absorbed":125,"minecraft:sneak_time":8280,"minecraft:walk_under_water_one_cm":76834,"minecraft:interact_with_blast_furnace":1,"minecraft:total_world_time":479384,"enigmaticlegacy:play_time_without_seven_curses":444619,"minecraft:raid_trigger":1,"minecraft:pot_flower":1,"minecraft:time_since_rest":38382,"minecraft:damage_taken":19821,"minecraft:damage_absorbed":140,"minecraft:swim_one_cm":49932,"minecraft:fly_one_cm":1510426,"minecraft:open_chest":206,"minecraft:aviate_one_cm":3004266,"minecraft:fall_one_cm":314883},"minecraft:killed_by":{"minecraft:creeper":3,"minecraft:pillager":1,"undead_unleashed:shadewraith":1,"undead_unleashed:frenzied_knight":6,"minecraft:vindicator":5,"enemyexpansion:scorpion":1,"minecraft:zombie":2,"iter_rpg:spiderling":1,"minecraft:skeleton":6,"minecraft:phantom":1,"mowziesmobs:umvuthana_raptor":2},"minecraft:dropped":{"minecolonies:supplycampdeployer":1,"twigs:pebble":1,"minecraft:dirt":2,"minecraft:sand":1,"apotheosis:gem":4,"atmospheric:laurel_planks":11,"minecraft:written_book":1,"bakery:strawberry_seeds":1,"minecraft:map":1,"minecraft:chiseled_sandstone":1,"minecraft:dandelion":7,"minecraft:diamond_sword":1,"minecraft:diamond_pickaxe":1},"minecraft:used":{"minecraft:ladder":1,"minecraft:shield":14,"minecraft:iron_sword":11,"lootr:trophy":1,"toms_storage:ts.storage_terminal":3,"strictly_origins:damaged_durendal":56,"minecraft:carrot":32,"ironchest:iron_chest":7,"woodworks:acacia_bookshelf":11,"minecraft:obsidian":11,"atmospheric:arid_sand":5,"minecraft:bow":49,"minecraft:written_book":2,"minecraft:furnace":1,"twilightforest:fiery_sword":46,"toms_storage:ts.inventory_connector":1,"minecraft:sandstone":8,"minecraft:diamond_axe":101,"blue_skies:turquoise_stonebrick":15,"minecraft:sand":5,"atmospheric:dragon_fruit":22,"farmersdelight:ratatouille":4,"minecraft:firework_rocket":3,"minecraft:acacia_door":2,"minecraft:bread":41,"atmospheric:laurel_planks":13,"minecraft:deepslate":5,"ironchest:iron_to_gold_chest_upgrade":2,"minecraft:diamond_sword":528,"minecraft:wooden_sword":37,"globalxp:xp_block":2,"minecraft:smithing_table":1,"minecraft:golden_pickaxe":11,"minecraft:oak_fence":1,"minecraft:enchanting_table":1,"waystones:sandy_waystone":1,"minecraft:flint_and_steel":1,"woodworks:oak_chest":10,"minecraft:torch":137,"minecraft:dirt":339,"minecraft:anvil":1,"alexsmobs:maggot":1,"minecraft:bookshelf":5,"minecraft:smooth_sandstone":7,"ironchest:gold_chest":1,"minecraft:golden_axe":17,"minecraft:sandstone_stairs":4,"minecraft:cut_sandstone":5,"minecraft:crafting_table":2,"minecraft:red_bed":7,"farmersdelight:bacon_and_eggs":7,"minecraft:flower_pot":1,"minecraft:diamond_pickaxe":471,"minecraft:apple":1,"minecraft:diamond_shovel":351,"darkerdepths:shale":2,"minecraft:map":1,"alexsmobs:tendon_whip":12,"vinery:savanna_grape_seeds_red":3,"woodworks:acacia_chest":5,"minecraft:white_banner":2,"minecraft:cooked_porkchop":1,"byg:subzero_ash_block":58},"minecraft:killed":{"minecraft:cave_spider":1,"minecraft:spider":3,"enemyexpansion:equestrian":2,"minecraft:skeleton":13,"savage_and_ravage:griefer":1,"majruszsdifficulty:creeperling":2,"minecraft:silverfish":3,"minecraft:pig":3,"iter_rpg:spiderling":1,"undead_unleashed:frenzied_knight":1,"minecraft:pillager":15,"minecraft:zombie":47,"undead_unleashed:shadewraith":1,"enemyexpansion:botfly":11,"minecraft:stray":1,"undead_unleashed:haunter":5,"takesapillage:archer":2,"minecraft:vindicator":2,"enemyexpansion:direwolf":2,"goblintraders:goblin_trader":1,"enemyexpansion:scorpion":3,"alexsmobs:guster":2,"minecraft:husk":4,"enemyexpansion:sprinter":1,"majruszsdifficulty:cursed_armor":1,"enemyexpansion:huntsman":1,"enemyexpansion:slugger":1},"minecraft:crafted":{"minecraft:oak_planks":44,"minecraft:stone":0,"minecraft:iron_bars":16,"minecraft:glass":0,"minecraft:diamond_helmet":1,"minecraft:comparator":3,"woodworks:acacia_bookshelf":15,"blue_skies:blue_journal":1,"minecraft:crafting_table":1,"minecraft:smithing_table":1,"cisco_mod:adventurer_chestplate":1,"minecraft:iron_chestplate":1,"minecraft:diamond_pickaxe":1,"minecraft:stick":20,"minecraft:iron_ingot":2,"minecraft:acacia_door":3,"minecraft:redstone_torch":9,"woodworks:acacia_chest":14,"minecraft:furnace":1,"toms_storage:ts.inventory_connector":1,"sophisticatedbackpacks:iron_backpack":1,"ironfurnaces:upgrade_iron":1,"minecraft:glowstone":35,"minecraft:air":0,"woodworks:oak_chest":5,"ironchest:iron_to_gold_chest_upgrade":2,"atmospheric:laurel_planks":16,"minecraft:acacia_planks":240,"minecraft:torch":64,"minecraft:lapis_lazuli":36,"ironchest:iron_chest":5},"minecraft:picked_up":{"minecolonies:supplycampdeployer":2,"irons_spellbooks:scroll":7,"ars_nouveau:caster_tome":1,"minecraft:wheat":29,"minecraft:redstone_block":2,"minecraft:flower_pot":1,"undead_unleashed:cursed_cloth":3,"minecraft:diamond_sword":1,"aether:iron_gloves":1,"galosphere:silver_ingot":62,"minecraft:potion":6,"minecraft:enchanted_book":26,"bakery:strawberry_seeds":1,"byg:subzero_ash_block":68,"vinery:savanna_grape_seeds_red":3,"minecraft:lapis_block":4,"forbidden_arcanus:xpetrified_orb":5,"minecraft:string":160,"apotheosis:epic_material":1,"minecraft:cooked_salmon":7,"darkerdepths:shale":2,"minecraft:iron_leggings":1,"minecraft:armor_stand":4,"minecraft:experience_bottle":6,"woodworks:oak_chest":6,"irons_spellbooks:arcane_essence":48,"darkerdepths:dry_sprouts":1,"minecraft:gold_nugget":41,"minecraft:cobbled_deepslate":5,"twigs:pebble":3,"celestisynth:lunar_stone":3,"minecraft:written_book":3,"minecraft:iron_pickaxe":2,"minecraft:enchanted_golden_apple":2,"minecraft:melon_slice":84,"farmersdelight:ratatouille":12,"minecraft:tipped_arrow":3,"minecraft:stick":32,"apotheosis:gem":60,"minecraft:brown_terracotta":1,"minecraft:oak_fence":1,"minecraft:torch":9,"minecraft:acacia_log":67,"minecraft:porkchop":10,"minecraft:golden_axe":2,"ironchest:gold_chest":1,"alexsmobs:tendon_whip":3,"minecraft:golden_chestplate":1,"majruszsaccessories:dream_catcher":8,"minecraft:cactus":13,"minecraft:honey_bottle":12,"minecraft:rotten_flesh":61,"minecraft:glowstone":68,"supplementaries:ash":2,"minecraft:blaze_rod":4,"minecraft:obsidian":37,"minecraft:iron_bars":8,"minecraft:cobblestone":27,"majruszsaccessories:tool_scraps":1,"minecraft:leather_chestplate":1,"minecraft:feather":28,"farmersdelight:rice":6,"relics:holy_locket":1,"ars_nouveau:source_berry":3,"minecraft:potato":10,"atmospheric:laurel_log":4,"celestisynth:lunar_scrap":5,"minecraft:smooth_sandstone_stairs":3,"minecraft:wither_skeleton_skull":3,"iter_rpg:grimstone_bricks":2,"minecraft:map":4,"minecraft:lapis_lazuli":131,"minecraft:dirt":356,"minecraft:lantern":1,"minecraft:name_tag":3,"minecraft:glass":5,"minecraft:bone":54,"farmersdelight:iron_knife":1,"minecraft:bow":2,"ars_nouveau:source_gem":2,"darkerdepths:amber":6,"minecraft:wheat_seeds":166,"minecraft:raw_gold":7,"minecraft:diamond_helmet":2,"minecraft:glowstone_dust":144,"galosphere:raw_silver":2,"twigs:twig":4,"irons_spellbooks:frozen_bone":12,"minecraft:music_disc_13":2,"minecraft:sand":21,"minecraft:lily_of_the_valley":1,"minecraft:chiseled_sandstone":3,"ars_nouveau:wilden_horn":7,"minecraft:mossy_cobblestone":2,"quark:jasper":3,"forbidden_arcanus:ender_pearl_fragment":1,"woodworks:acacia_bookshelf":4,"immersive_armors:warrior_helmet":1,"alexsmobs:guster_eye":3,"minecraft:deepslate":18,"minecraft:diamond":19,"iter_rpg:crystal_tear":1,"minecraft:lever":1,"iter_rpg:abyssquartz_shard":29,"blue_skies:turquoise_stonebrick":15,"minecraft:golden_apple":26,"minecraft:emerald":93,"minecraft:golden_horse_armor":2,"minecraft:bread":128,"alexsmobs:maggot":1,"minecraft:oak_sapling":21,"twigs:rhyolite":27,"minecraft:netherrack":12,"minecraft:diamond_pickaxe":1,"iter_rpg:spawner_fragment":3,"minecraft:crafting_table":3,"minecraft:ladder":4,"minecolonies:scroll_buff":16,"minecraft:turtle_helmet":2,"minecraft:golden_pickaxe":2,"toms_storage:ts.storage_terminal":2,"iter_rpg:polished_grimstone":3,"minecraft:diamond_horse_armor":2,"minecraft:chain":2,"aether:leather_gloves":2,"minecraft:red_bed":7,"minecraft:iron_axe":3,"minecraft:acacia_door":1,"minecraft:flint_and_steel":1,"minecraft:item_frame":2,"takesapillage:ravager_horn":2,"immersive_armors:wooden_leggings":1,"darkerdepths:aridrock":4,"minecraft:poppy":12,"minecraft:iron_nugget":29,"atmospheric:arid_sand":8,"minecraft:sugar_cane":52,"farmersdelight:golden_knife":2,"globalxp:xp_block":1,"minecraft:sandstone":17,"minecraft:stone":28,"minecraft:copper_ingot":28,"minecraft:bowl":22,"ironchest:iron_chest":2,"atmospheric:dragon_fruit":3,"ars_nouveau:split_arrow":108,"minecraft:trident":1,"minecraft:carrot":12,"minecraft:redstone":63,"minecraft:prismarine_crystals":9,"minecraft:purple_terracotta":1,"minecraft:smooth_sandstone_slab":5,"iter_rpg:polished_grimstone_wall":2,"minecraft:tnt":6,"minecraft:blue_concrete_powder":1,"minecraft:arrow":39,"minecraft:stone_shovel":1,"minecraft:pumpkin_pie":4,"minecraft:sandstone_stairs":4,"minecraft:gold_ingot":1,"sophisticatedbackpacks:copper_backpack":1,"blue_skies:moonstone_shard":3,"cisco_mod:champion_coin":2,"forbidden_arcanus:spawner_scrap":5,"minecraft:clock":1,"minecraft:glow_ink_sac":3,"minecraft:leather":15,"minecraft:cut_sandstone":9,"minecraft:carrot_on_a_stick":3,"minecraft:mushroom_stew":1,"minecraft:crimson_fungus":2,"waystones:sandy_waystone":5,"strictly_origins:damaged_durendal":1,"minecraft:oak_log":11,"minecraft:chainmail_chestplate":2,"woodworks:acacia_chest":5,"minecraft:gunpowder":59,"enemyexpansion:scorpion_tail":2,"farmersdelight:flint_knife":1,"undead_unleashed:charstone_shard":12,"minecraft:white_banner":3,"quark:blank_rune":2,"minecraft:smooth_sandstone":7,"minecraft:apple":19,"majruszsdifficulty:tattered_leggings":3,"atmospheric:carmine_husk":7,"iter_rpg:potsherd":2,"minecraft:iron_ingot":49,"minecraft:stripped_oak_wood":3,"minecraft:iron_sword":3,"minecraft:acacia_sapling":9,"minecraft:book":53,"minecraft:quartz":19,"minecraft:dandelion":6,"undead_unleashed:grave_metal_scrap":19,"ars_nouveau:music_disc_thistle_the_sound_of_glass":1,"minecraft:spider_eye":4,"farmersdelight:bacon_and_eggs":9,"minecraft:firework_rocket":32,"minecraft:diamond_shovel":2,"blue_skies:ventium_ingot":3,"minecraft:stone_axe":1,"atmospheric:barrel_cactus":4,"atmospheric:laurel_planks":11,"minecraft:painting":1,"undead_unleashed:grave_metal_axe":1,"minecraft:baked_potato":9,"minecraft:melon_seeds":4,"minecraft:black_wool":1,"immersive_armors:wooden_boots":2,"majruszsdifficulty:tattered_chestplate":3,"minecraft:coal":84},"minecraft:broken":{"majruszsdifficulty:tattered_boots":1,"aether:iron_gloves":1},"minecraft:mined":{"minecraft:obsidian":15,"minecraft:acacia_log":69,"minecraft:grass_block":280,"vinery:savanna_grape_bush_red":1,"minecraft:crimson_fungus":1,"minecraft:sandstone_stairs":4,"minecraft:spawner":8,"minecraft:glowstone":40,"byg:sythian_nylium":2,"minecraft:cobbled_deepslate":1,"minecraft:iron_ore":30,"minecraft:fire":4,"toms_storage:ts.storage_terminal":2,"ironchest:gold_chest":1,"minecraft:deepslate_lapis_ore":3,"darkerdepths:shale":2,"bakery:strawberry_jungle":1,"iter_rpg:polished_grimstone_wall":3,"minecraft:smooth_sandstone_stairs":3,"atmospheric:arid_sand":7,"quark:violet_corundum":1,"minecraft:cut_sandstone":9,"ecologics:pot":8,"minecraft:blue_concrete_powder":1,"minecraft:red_bed":7,"blue_skies:turquoise_stonebrick":15,"darkerdepths:dry_sprouts":1,"minecraft:torch":5,"minecraft:melon":7,"minecraft:poppy":4,"minecraft:dead_bush":1,"galosphere:silver_ore":25,"minecraft:nether_quartz_ore":5,"minecraft:cobblestone":5,"minecraft:sugar_cane":16,"iter_rpg:grimstone_bricks":1,"minecraft:smooth_sandstone_slab":9,"minecraft:wall_torch":1,"minecraft:chain":1,"minecraft:blue_terracotta":1,"minecraft:lapis_block":9,"atmospheric:laurel_log":4,"celestisynth:lunar_stone":8,"byg:subzero_ash_block":63,"minecraft:stripped_oak_wood":1,"minecraft:tnt":6,"minecraft:grass":282,"minecraft:oak_log":11,"minecraft:sand":13,"minecraft:dirt":68,"minecraft:netherrack":3,"minecraft:oak_leaves":10,"minecraft:deepslate":21,"undead_unleashed:charstone":1,"minecraft:mossy_cobblestone":1,"minecraft:deepslate_diamond_ore":5,"minecraft:sea_lantern":3,"minecraft:lever":1,"minecraft:ladder":2,"minecraft:purple_terracotta":1,"byg:subzero_ash":1,"darkerdepths:amber":2,"minecraft:soul_campfire":1,"minecraft:sandstone":22,"quark:jasper":1,"minecraft:redstone_ore":10,"minecraft:chiseled_sandstone":1,"darkerdepths:arid_deepslate":1,"iter_rpg:polished_grimstone":3,"woodworks:acacia_chest":5,"minecraft:bookshelf":19,"ironchest:iron_chest":2,"minecraft:stone":50,"minecraft:podzol":1,"minecraft:acacia_leaves":8,"twigs:pebble":2,"minecraft:redstone_block":1,"minecraft:glass_pane":2,"minecraft:potted_lily_of_the_valley":1,"galosphere:deepslate_silver_ore":15,"minecraft:dandelion":3,"minecraft:crafting_table":1,"minecraft:oak_fence":1,"minecraft:smooth_sandstone":8,"iter_rpg:vase":1,"woodworks:oak_chest":6,"minecraft:copper_ore":6,"minecraft:deepslate_gold_ore":1,"minecraft:lapis_ore":7,"minecraft:diorite":1,"minecraft:black_stained_glass":2,"forbidden_arcanus:xpetrified_ore":4,"iter_rpg:abyss_quartz":1,"globalxp:xp_block":1,"minecraft:coal_ore":74,"minecraft:cobweb":48,"minecraft:brown_terracotta":3,"darkerdepths:aridrock":4,"minecraft:mossy_stone_bricks":1}},"DataVersion":3120}