{"stats":{"minecraft:custom":{"enigmaticlegacy:play_time_with_seven_curses":0,"lootr:looted_stat":154,"minecraft:interact_with_crafting_table":40,"minecraft:open_barrel":1,"minecraft:leave_game":17,"minecraft:time_since_death":39467,"minecraft:damage_resisted":83,"minecraft:sprint_one_cm":986912,"minecraft:damage_blocked_by_shield":2144,"minecraft:drop":22,"minecraft:talked_to_villager":19,"minecraft:play_time":713457,"minecraft:deaths":34,"minecraft:jump":6682,"minecraft:walk_on_water_one_cm":175634,"minecraft:enchant_item":27,"minecraft:interact_with_furnace":12,"minecraft:traded_with_villager":8,"minecraft:interact_with_cartography_table":2,"minecraft:interact_with_loom":1,"minecraft:sleep_in_bed":39,"minecraft:waystone_activated":10,"minecraft:damage_dealt":525916,"minecraft:crouch_one_cm":24155,"minecraft:interact_with_smoker":1,"minecraft:inspect_dispenser":4,"minecraft:horse_one_cm":6091,"minecraft:interact_with_smithing_table":7,"minecraft:inspect_dropper":5,"minecraft:interact_with_anvil":17,"minecraft:mob_kills":624,"minecraft:inspect_hopper":6,"minecraft:damage_dealt_resisted":1172,"minecraft:climb_one_cm":45046,"minecraft:walk_one_cm":2442927,"minecraft:damage_dealt_absorbed":125,"minecraft:sneak_time":16745,"minecraft:walk_under_water_one_cm":96621,"minecraft:interact_with_blast_furnace":1,"minecraft:total_world_time":746073,"enigmaticlegacy:play_time_without_seven_curses":711110,"minecraft:raid_trigger":1,"minecraft:pot_flower":1,"minecraft:time_since_rest":37974,"minecraft:damage_taken":26270,"minecraft:damage_absorbed":556,"minecraft:swim_one_cm":49932,"minecraft:fly_one_cm":1817239,"minecraft:open_chest":247,"minecraft:aviate_one_cm":3547975,"minecraft:fall_one_cm":386410},"minecraft:killed_by":{"minecraft:creeper":3,"minecraft:pillager":1,"undead_unleashed:shadewraith":1,"undead_unleashed:frenzied_knight":6,"minecraft:vindicator":5,"enemyexpansion:scorpion":1,"minecraft:zombie":2,"iter_rpg:spiderling":1,"majruszsdifficulty:creeperling":1,"minecraft:skeleton":10,"minecraft:phantom":1,"mowziesmobs:umvuthana_raptor":2},"minecraft:dropped":{"minecolonies:supplycampdeployer":1,"twigs:pebble":1,"minecraft:dirt":2,"minecraft:sand":1,"simplyswords:soulstealer":3,"apotheosis:gem":4,"atmospheric:laurel_planks":11,"minecraft:scaffolding":1,"minecraft:written_book":1,"blue_skies:zeal_lighter":1,"bakery:strawberry_seeds":1,"minecraft:map":1,"minecraft:chiseled_sandstone":1,"minecraft:dandelion":7,"minecraft:diamond_sword":1,"minecraft:diamond_pickaxe":1},"minecraft:killed":{"minecraft:cave_spider":1,"enemyexpansion:equestrian":3,"minecraft:spider":3,"minecraft:skeleton":389,"savage_and_ravage:griefer":1,"majruszsdifficulty:creeperling":3,"minecraft:silverfish":6,"minecraft:pig":3,"iter_rpg:spiderling":1,"undead_unleashed:frenzied_knight":1,"minecraft:pillager":15,"minecraft:zombie":68,"undead_unleashed:shadewraith":1,"enemyexpansion:botfly":19,"minecraft:stray":16,"undead_unleashed:haunter":24,"takesapillage:archer":2,"minecraft:vindicator":2,"enemyexpansion:direwolf":2,"goblintraders:goblin_trader":4,"enemyexpansion:scorpion":3,"iter_rpg:water_elemental":1,"minecraft:husk":24,"alexsmobs:guster":2,"enemyexpansion:sprinter":1,"majruszsdifficulty:cursed_armor":4,"enemyexpansion:huntsman":1,"enemyexpansion:slugger":1},"minecraft:used":{"minecraft:polished_deepslate":38,"minecraft:ladder":1,"minecraft:oak_sign":8,"minecraft:chest":14,"minecraft:shield":16,"minecraft:iron_sword":11,"strictly_origins:damaged_durendal":56,"lootr:trophy":1,"toms_storage:ts.storage_terminal":3,"phantasm:crystal_framed_glass":2,"minecraft:carrot":32,"minecraft:deepslate_tile_slab":61,"ironchest:iron_chest":7,"minecraft:obsidian":11,"woodworks:acacia_bookshelf":15,"ars_nouveau:amethyst_golem_charm":1,"minecraft:glass":364,"atmospheric:arid_sand":5,"minecraft:stone_bricks":229,"minecraft:bow":49,"minecraft:written_book":2,"minecraft:scaffolding":38,"minecraft:furnace":1,"apotheosis:dormant_deepshelf":1,"minecraft:mossy_stone_bricks":99,"twilightforest:fiery_sword":46,"toms_storage:ts.inventory_connector":1,"minecraft:sandstone":8,"minecraft:diamond_axe":180,"blue_skies:turquoise_stonebrick":15,"minecraft:golden_apple":12,"minecraft:sand":5,"atmospheric:dragon_fruit":22,"waystones:waystone":2,"farmersdelight:ratatouille":4,"minecraft:lever":6,"minecraft:firework_rocket":3,"minecraft:acacia_door":2,"forbidden_arcanus:darkstone":5,"minecraft:bread":46,"minecraft:iron_door":1,"ironchest:iron_to_gold_chest_upgrade":5,"atmospheric:laurel_planks":13,"minecraft:deepslate":24,"byg:therium_glass":2,"minecraft:diamond_sword":653,"minecraft:wooden_sword":37,"globalxp:xp_block":3,"minecraft:smithing_table":1,"minecraft:experience_bottle":2,"minecraft:golden_pickaxe":11,"minecraft:oak_fence":1,"minecraft:enchanting_table":1,"waystones:sandy_waystone":1,"minecraft:flint_and_steel":1,"woodworks:oak_chest":10,"minecraft:torch":309,"minecraft:dirt":339,"minecraft:anvil":1,"iter_rpg:giant_chain":1,"unusualend:chiseled_glass":2,"minecraft:hopper":14,"quark:framed_glass":10,"blue_skies:zeal_lighter":1,"minecraft:stone_brick_slab":3,"alexsmobs:maggot":1,"minecraft:bookshelf":5,"minecraft:iron_axe":3,"minecraft:spawner":39,"minecraft:smooth_sandstone":7,"minecraft:glowstone":15,"minecraft:iron_trapdoor":13,"ironchest:gold_chest":1,"simplyswords:soulstealer":2698,"minecraft:golden_axe":17,"minecraft:water_bucket":129,"minecraft:sandstone_stairs":4,"minecraft:cut_sandstone":5,"minecraft:cracked_stone_bricks":92,"minecraft:crafting_table":2,"minecraft:red_bed":7,"farmersdelight:bacon_and_eggs":7,"minecraft:flower_pot":1,"minecraft:diamond_pickaxe":1404,"minecraft:apple":15,"minecraft:diamond_shovel":351,"darkerdepths:shale":2,"endlessbiomes:arkan_glass":2,"minecraft:gray_candle":1,"minecraft:map":1,"forbidden_arcanus:aureal_bottle":1,"minecraft:budding_amethyst":1,"alexsmobs:tendon_whip":12,"vinery:savanna_grape_seeds_red":3,"woodworks:acacia_chest":5,"minecraft:white_banner":2,"minecraft:bucket":6,"minecraft:cooked_porkchop":1,"byg:subzero_ash_block":58},"minecraft:crafted":{"minecraft:oak_planks":44,"minecraft:stone":0,"minecraft:iron_bars":16,"minecraft:glass":0,"minecraft:diamond_helmet":1,"minecraft:comparator":3,"woodworks:acacia_bookshelf":15,"blue_skies:blue_journal":1,"minecraft:crafting_table":1,"minecraft:smithing_table":1,"minecraft:cracked_deepslate_tiles":0,"cisco_mod:adventurer_chestplate":1,"minecraft:iron_chestplate":1,"minecraft:diamond_pickaxe":1,"minecraft:stick":76,"minecraft:iron_ingot":2,"minecraft:acacia_door":3,"minecraft:redstone_torch":9,"minecraft:deepslate_bricks":64,"woodworks:acacia_chest":14,"apotheosis:dormant_deepshelf":7,"minecraft:furnace":1,"blue_skies:zeal_lighter":7,"minecraft:polished_deepslate":64,"toms_storage:ts.inventory_connector":1,"sophisticatedbackpacks:iron_backpack":1,"ironfurnaces:upgrade_iron":1,"minecraft:deepslate_tiles":64,"minecraft:glowstone":35,"minecraft:air":0,"woodworks:oak_chest":5,"ironchest:iron_to_gold_chest_upgrade":5,"atmospheric:laurel_planks":16,"minecraft:acacia_planks":268,"minecraft:torch":240,"minecraft:lapis_lazuli":36,"ironchest:iron_chest":5},"minecraft:picked_up":{"minecolonies:supplycampdeployer":2,"irons_spellbooks:scroll":7,"ars_nouveau:caster_tome":1,"minecraft:wheat":29,"minecraft:redstone_block":2,"minecraft:anvil":3,"minecraft:iron_trapdoor":7,"minecraft:flower_pot":6,"minecraft:prismarine_shard":11,"undead_unleashed:cursed_cloth":3,"minecraft:lead":1,"minecraft:stone_slab":4,"minecraft:smithing_table":7,"minecraft:diamond_sword":1,"aether:iron_gloves":1,"galosphere:silver_ingot":77,"minecraft:enchanted_book":26,"undead_unleashed:grave_metal_chestplate":3,"minecraft:potion":6,"bakery:strawberry_seeds":1,"minecraft:stone_brick_stairs":59,"byg:subzero_ash_block":68,"minecraft:brewing_stand":1,"minecraft:polished_deepslate":2,"vinery:savanna_grape_seeds_red":3,"minecraft:amethyst_block":5,"minecraft:soul_soil":1,"minecraft:lapis_block":4,"forbidden_arcanus:xpetrified_orb":5,"minecraft:string":168,"apotheosis:epic_material":1,"minecraft:cooked_salmon":7,"darkerdepths:shale":2,"minecraft:iron_leggings":1,"minecraft:armor_stand":4,"minecraft:experience_bottle":8,"woodworks:oak_chest":6,"minecraft:oak_sign":3,"byg:mossy_stone":7,"immersive_armors:divine_chestplate":1,"irons_spellbooks:arcane_essence":48,"darkerdepths:dry_sprouts":1,"minecraft:gold_nugget":41,"minecraft:cobbled_deepslate":5,"bosses_of_mass_destruction:soul_star":4,"undead_unleashed:grave_metal_sword":4,"twigs:pebble":3,"celestisynth:lunar_stone":3,"minecraft:written_book":3,"minecraft:iron_pickaxe":2,"minecraft:enchanted_golden_apple":2,"minecraft:melon_slice":84,"farmersdelight:ratatouille":12,"minecraft:tipped_arrow":12,"minecraft:stick":35,"apotheosis:gem":75,"minecraft:jukebox":3,"minecraft:acacia_fence":1,"minecraft:brown_terracotta":1,"minecraft:oak_fence":1,"minecraft:torch":57,"minecraft:acacia_log":67,"minecraft:spruce_stairs":3,"minecraft:porkchop":10,"minecraft:golden_axe":2,"ironchest:gold_chest":1,"alexsmobs:tendon_whip":3,"minecraft:golden_chestplate":1,"majruszsaccessories:dream_catcher":9,"simplyswords:soulstealer":3,"minecraft:stone_sword":1,"minecraft:cactus":13,"apotheosis:dormant_deepshelf":1,"minecraft:honey_bottle":12,"minecraft:rotten_flesh":135,"minecraft:glowstone":68,"supplementaries:quiver":1,"supplementaries:ash":2,"minecraft:blaze_rod":4,"minecraft:obsidian":37,"minecraft:iron_bars":11,"minecraft:cobblestone":27,"majruszsaccessories:tool_scraps":1,"minecraft:leather_chestplate":5,"minecraft:feather":28,"farmersdelight:rice":6,"relics:holy_locket":1,"ars_nouveau:source_berry":3,"atmospheric:laurel_log":4,"minecraft:potato":10,"celestisynth:lunar_scrap":5,"minecraft:tuff":15,"minecraft:smooth_sandstone_stairs":3,"minecraft:wither_skeleton_skull":7,"iter_rpg:grimstone_bricks":2,"minecraft:map":4,"minecraft:lapis_lazuli":131,"minecraft:dirt":356,"minecraft:lantern":1,"minecraft:name_tag":3,"minecraft:bone":268,"minecraft:leather_boots":2,"minecraft:glass":5,"farmersdelight:iron_knife":1,"majruszsaccessories:miner_guide":1,"minecraft:wheat_seeds":166,"darkerdepths:amber":6,"minecraft:bow":11,"ars_nouveau:source_gem":2,"minecraft:raw_gold":7,"forbidden_arcanus:rune":1,"iter_rpg:water_fragment":6,"minecraft:mossy_stone_bricks":94,"minecraft:diamond_helmet":2,"twigs:twig":4,"minecraft:glowstone_dust":147,"galosphere:raw_silver":2,"minecraft:gray_candle":1,"irons_spellbooks:frozen_bone":49,"minecraft:music_disc_13":2,"minecraft:sand":21,"undead_unleashed:grave_metal_leggings":2,"minecraft:stripped_spruce_log":9,"minecraft:dead_bush":5,"minecraft:lily_of_the_valley":1,"minecraft:chiseled_sandstone":3,"ars_nouveau:wilden_horn":7,"minecraft:barrel":9,"minecraft:mossy_cobblestone":2,"quark:jasper":3,"forbidden_arcanus:ender_pearl_fragment":1,"woodworks:acacia_bookshelf":4,"immersive_armors:warrior_helmet":1,"alexsmobs:guster_eye":3,"apotheosis:improved_scrap_tome":3,"minecraft:deepslate":145,"minecraft:diamond":23,"iter_rpg:crystal_tear":1,"minecraft:lever":2,"iter_rpg:abyssquartz_shard":31,"minecraft:golden_apple":26,"blue_skies:turquoise_stonebrick":15,"minecraft:bread":128,"minecraft:golden_horse_armor":2,"minecraft:emerald":93,"alexsmobs:maggot":1,"minecraft:oak_sapling":21,"twigs:rhyolite":28,"minecraft:netherrack":12,"minecraft:diamond_pickaxe":1,"iter_rpg:spawner_fragment":3,"majruszsdifficulty:tattered_boots":4,"minecraft:crafting_table":9,"minecraft:leather_leggings":1,"minecraft:ladder":4,"minecolonies:scroll_buff":16,"minecraft:golden_pickaxe":2,"minecraft:turtle_helmet":2,"toms_storage:ts.storage_terminal":2,"iter_rpg:polished_grimstone":3,"minecraft:gold_block":1,"minecraft:diamond_horse_armor":2,"minecraft:chain":3,"immersive_armors:warrior_boots":1,"aether:leather_gloves":2,"minecraft:red_bed":7,"minecraft:stone_stairs":8,"minecraft:iron_axe":3,"minecraft:acacia_door":1,"minecraft:wooden_sword":2,"minecraft:flint_and_steel":1,"minecraft:netherite_scrap":1,"minecraft:item_frame":2,"takesapillage:ravager_horn":2,"minecraft:cracked_stone_bricks":311,"immersive_armors:wooden_leggings":2,"atmospheric:arid_sand":8,"minecraft:iron_nugget":29,"darkerdepths:aridrock":4,"minecraft:poppy":12,"minecraft:spruce_slab":1,"minecraft:sugar_cane":52,"minecraft:chest":15,"farmersdelight:golden_knife":2,"globalxp:xp_block":2,"minecraft:spruce_trapdoor":1,"forbidden_arcanus:gilded_darkstone":1,"minecraft:sandstone":17,"minecraft:stone":36,"minecraft:copper_ingot":28,"minecraft:bowl":22,"ironchest:iron_chest":2,"atmospheric:dragon_fruit":3,"ars_nouveau:split_arrow":108,"minecraft:trident":1,"minecraft:carrot":12,"minecraft:redstone":98,"minecraft:prismarine_crystals":9,"minecraft:purple_terracotta":1,"minecraft:smooth_sandstone_slab":5,"iter_rpg:polished_grimstone_wall":2,"minecraft:tnt":6,"minecraft:blue_concrete_powder":1,"immersive_armors:wooden_helmet":1,"minecraft:arrow":280,"minecraft:stone_shovel":1,"minecraft:pumpkin_pie":4,"minecraft:sandstone_stairs":4,"immersive_armors:warrior_chestplate":1,"minecraft:gold_ingot":1,"sophisticatedbackpacks:copper_backpack":1,"blue_skies:moonstone_shard":3,"cisco_mod:champion_coin":2,"forbidden_arcanus:spawner_scrap":6,"minecraft:skeleton_skull":26,"minecraft:clock":1,"minecraft:glow_ink_sac":3,"minecraft:cut_sandstone":9,"minecraft:leather":15,"minecraft:carrot_on_a_stick":3,"majruszsdifficulty:tattered_helmet":4,"minecraft:mushroom_stew":1,"minecraft:crimson_fungus":2,"waystones:sandy_waystone":5,"minecraft:oak_log":11,"strictly_origins:damaged_durendal":1,"minecraft:chainmail_chestplate":2,"woodworks:acacia_chest":5,"minecraft:gunpowder":60,"minecraft:cobblestone_stairs":4,"enemyexpansion:scorpion_tail":2,"farmersdelight:flint_knife":1,"minecraft:deepslate_tile_slab":32,"undead_unleashed:charstone_shard":12,"minecraft:white_banner":3,"quark:blank_rune":2,"minecraft:smooth_sandstone":7,"immersive_armors:warrior_leggings":1,"minecraft:apple":23,"minecraft:stone_bricks":40,"majruszsdifficulty:tattered_leggings":7,"atmospheric:carmine_husk":7,"iter_rpg:potsherd":2,"minecraft:iron_ingot":58,"undead_unleashed:grave_metal_boots":2,"minecraft:stripped_oak_wood":3,"apotheosis:gem_dust":3,"minecraft:iron_sword":3,"minecraft:acacia_sapling":9,"forbidden_arcanus:darkstone":38,"minecraft:book":119,"minecraft:chiseled_stone_bricks":25,"minecraft:stone_brick_slab":28,"minecraft:quartz":19,"minecraft:dandelion":6,"minecraft:gravel":1,"minecraft:amethyst_shard":24,"undead_unleashed:grave_metal_scrap":283,"ars_nouveau:music_disc_thistle_the_sound_of_glass":1,"minecraft:spruce_door":1,"minecraft:spider_eye":4,"farmersdelight:bacon_and_eggs":9,"minecraft:leather_helmet":1,"minecraft:firework_rocket":32,"minecraft:diamond_shovel":2,"blue_skies:ventium_ingot":3,"minecraft:stone_axe":1,"atmospheric:barrel_cactus":4,"atmospheric:laurel_planks":11,"minecraft:painting":1,"undead_unleashed:grave_metal_axe":4,"minecraft:melon_seeds":4,"minecraft:baked_potato":9,"minecraft:coal":84,"majruszsdifficulty:tattered_chestplate":4,"minecraft:black_wool":1,"minecraft:hopper":7,"immersive_armors:wooden_boots":2},"minecraft:broken":{"majruszsdifficulty:tattered_boots":1,"aether:iron_gloves":1},"minecraft:mined":{"minecraft:large_amethyst_bud":3,"minecraft:cobblestone_stairs":4,"minecraft:brewing_stand":1,"minecraft:obsidian":15,"minecraft:spruce_trapdoor":1,"minecraft:potted_dead_bush":5,"minecraft:budding_amethyst":7,"minecraft:acacia_log":71,"minecraft:grass_block":280,"vinery:savanna_grape_bush_red":1,"minecraft:hopper":7,"minecraft:crimson_fungus":1,"minecraft:oak_wall_sign":2,"minecraft:spawner":8,"minecraft:chiseled_stone_bricks":25,"minecraft:sandstone_stairs":4,"byg:sythian_nylium":2,"minecraft:glowstone":41,"minecraft:cobbled_deepslate":3,"minecraft:iron_ore":30,"minecraft:fire":4,"toms_storage:ts.storage_terminal":2,"ironchest:gold_chest":1,"minecraft:anvil":3,"minecraft:deepslate_lapis_ore":3,"darkerdepths:shale":2,"bakery:strawberry_jungle":1,"minecraft:small_amethyst_bud":2,"minecraft:iron_bars":3,"iter_rpg:polished_grimstone_wall":3,"minecraft:smooth_sandstone_stairs":3,"atmospheric:arid_sand":7,"minecraft:spruce_slab":1,"quark:violet_corundum":1,"minecraft:deepslate_redstone_ore":6,"minecraft:cut_sandstone":9,"lootr:lootr_chest":8,"ecologics:pot":8,"minecraft:blue_concrete_powder":1,"minecraft:red_bed":7,"blue_skies:turquoise_stonebrick":15,"minecraft:medium_amethyst_bud":2,"minecraft:amethyst_cluster":2,"minecraft:deepslate_tile_slab":28,"darkerdepths:dry_sprouts":1,"minecraft:torch":7,"minecraft:poppy":4,"minecraft:melon":7,"minecraft:chest":6,"minecraft:dead_bush":1,"galosphere:silver_ore":25,"minecraft:nether_quartz_ore":5,"minecraft:cobblestone":13,"minecraft:sugar_cane":16,"iter_rpg:grimstone_bricks":1,"minecraft:smooth_sandstone_slab":9,"minecraft:wall_torch":3,"minecraft:amethyst_block":5,"minecraft:skeleton_skull":26,"minecraft:stone_stairs":8,"minecraft:chain":2,"minecraft:blue_terracotta":1,"forbidden_arcanus:darkstone":38,"apotheosis:dormant_deepshelf":1,"minecraft:lapis_block":9,"atmospheric:laurel_log":4,"minecraft:jukebox":3,"byg:subzero_ash_block":63,"celestisynth:lunar_stone":8,"minecraft:stripped_oak_wood":1,"minecraft:tnt":6,"minecraft:stone_brick_stairs":60,"minecraft:grass":282,"minecraft:oak_log":11,"minecraft:acacia_fence":1,"minecraft:sand":13,"minecraft:dirt":68,"twigs:rhyolite":1,"minecraft:netherrack":3,"minecraft:oak_leaves":10,"minecraft:deepslate":153,"minecraft:gray_candle":1,"undead_unleashed:charstone":1,"minecraft:tuff":15,"minecraft:mossy_cobblestone":8,"minecraft:deepslate_diamond_ore":7,"minecraft:sea_lantern":3,"minecraft:lever":1,"minecraft:ladder":2,"minecraft:purple_terracotta":1,"byg:subzero_ash":1,"darkerdepths:amber":2,"minecraft:soul_campfire":2,"woodworks:acacia_bookshelf":4,"minecraft:infested_chiseled_stone_bricks":3,"minecraft:sandstone":22,"quark:jasper":1,"minecraft:redstone_ore":10,"minecraft:chiseled_sandstone":1,"darkerdepths:arid_deepslate":1,"minecraft:stripped_spruce_log":9,"iter_rpg:polished_grimstone":3,"minecraft:polished_deepslate":2,"woodworks:acacia_chest":5,"minecraft:bookshelf":37,"minecraft:deepslate_iron_ore":6,"ironchest:iron_chest":2,"minecraft:stone":50,"minecraft:podzol":1,"minecraft:smithing_table":7,"minecraft:acacia_leaves":8,"twigs:pebble":2,"minecraft:redstone_block":1,"minecraft:glass_pane":3,"lootr:lootr_barrel":9,"minecraft:potted_lily_of_the_valley":1,"minecraft:stone_brick_slab":23,"galosphere:deepslate_silver_ore":27,"minecraft:dandelion":3,"minecraft:spruce_door":1,"minecraft:crafting_table":7,"minecraft:smooth_sandstone":8,"minecraft:oak_fence":1,"iter_rpg:vase":1,"minecraft:stone_slab":4,"woodworks:oak_chest":6,"minecraft:copper_ore":6,"minecraft:deepslate_gold_ore":1,"minecraft:lapis_ore":7,"forbidden_arcanus:petrified_root":2,"minecraft:diorite":1,"minecraft:spruce_stairs":3,"minecraft:black_stained_glass":2,"forbidden_arcanus:xpetrified_ore":4,"iter_rpg:abyss_quartz":2,"globalxp:xp_block":2,"minecraft:coal_ore":74,"minecraft:gravel":1,"minecraft:cracked_stone_bricks":105,"minecraft:cobweb":57,"minecraft:brown_terracotta":3,"darkerdepths:aridrock":4,"forbidden_arcanus:gilded_darkstone":1,"minecraft:stone_bricks":263,"minecraft:mossy_stone_bricks":98,"minecraft:iron_trapdoor":7,"forbidden_arcanus:runic_deepslate":1}},"DataVersion":3120}