{"stats":{"minecraft:used":{"waystones:sandy_waystone":1,"minecraft:sandstone_stairs":3,"minecraft:flint_and_steel":1,"twilightforest:fiery_sword":46,"minecraft:ladder":1,"minecraft:shield":6,"minecraft:sandstone":3,"minecraft:iron_sword":8,"strictly_origins:damaged_durendal":56,"minecraft:dirt":3,"minecraft:sand":5,"minecraft:crafting_table":2,"atmospheric:dragon_fruit":22,"minecraft:red_bed":7,"minecraft:obsidian":11,"minecraft:diamond_pickaxe":39,"darkerdepths:shale":2,"minecraft:acacia_door":2,"minecraft:bread":15,"atmospheric:laurel_planks":13,"atmospheric:arid_sand":5,"minecraft:wooden_sword":37,"minecraft:diamond_sword":41,"woodworks:acacia_chest":4,"globalxp:xp_block":2,"minecraft:bow":4,"minecraft:written_book":2,"minecraft:cooked_porkchop":1,"minecraft:smithing_table":1,"byg:subzero_ash_block":58,"minecraft:golden_axe":17,"minecraft:golden_pickaxe":11},"minecraft:killed_by":{"minecraft:vindicator":4,"minecraft:skeleton":3,"minecraft:zombie":1,"iter_rpg:spiderling":1},"minecraft:custom":{"minecraft:interact_with_smithing_table":1,"enigmaticlegacy:play_time_with_seven_curses":0,"minecraft:interact_with_furnace":1,"lootr:looted_stat":64,"minecraft:inspect_dropper":4,"minecraft:mob_kills":29,"enigmaticlegacy:play_time_without_seven_curses":185599,"minecraft:interact_with_cartography_table":1,"minecraft:interact_with_crafting_table":9,"minecraft:leave_game":2,"minecraft:time_since_death":5852,"minecraft:sleep_in_bed":11,"minecraft:climb_one_cm":15816,"minecraft:damage_resisted":83,"minecraft:time_since_rest":5886,"minecraft:waystone_activated":5,"minecraft:sprint_one_cm":445469,"minecraft:damage_absorbed":60,"minecraft:damage_taken":6495,"minecraft:walk_one_cm":557939,"minecraft:damage_blocked_by_shield":1012,"minecraft:drop":11,"minecraft:damage_dealt":10648,"minecraft:swim_one_cm":49932,"minecraft:talked_to_villager":9,"minecraft:fly_one_cm":793845,"minecraft:open_chest":21,"minecraft:crouch_one_cm":6638,"minecraft:play_time":186845,"minecraft:deaths":9,"minecraft:sneak_time":4212,"minecraft:walk_under_water_one_cm":17829,"minecraft:jump":3351,"minecraft:interact_with_blast_furnace":1,"minecraft:walk_on_water_one_cm":57373,"minecraft:total_world_time":219461,"minecraft:fall_one_cm":111637,"minecraft:inspect_dispenser":2},"minecraft:mined":{"quark:violet_corundum":1,"minecraft:podzol":1,"undead_unleashed:charstone":1,"twigs:pebble":1,"minecraft:glass_pane":2,"minecraft:red_bed":7,"minecraft:dandelion":2,"minecraft:obsidian":15,"minecraft:crafting_table":1,"minecraft:ladder":2,"minecraft:acacia_log":17,"minecraft:grass_block":4,"minecraft:poppy":2,"minecraft:melon":7,"byg:subzero_ash":1,"darkerdepths:amber":2,"minecraft:nether_quartz_ore":2,"minecraft:sugar_cane":16,"minecraft:sandstone":6,"minecraft:sandstone_stairs":3,"byg:sythian_nylium":2,"minecraft:fire":1,"atmospheric:laurel_log":4,"globalxp:xp_block":1,"byg:subzero_ash_block":63,"minecraft:grass":170,"minecraft:coal_ore":4,"darkerdepths:shale":2,"bakery:strawberry_jungle":1,"minecraft:sand":10,"minecraft:dirt":2,"minecraft:cobweb":4,"minecraft:stone":2,"minecraft:netherrack":3,"minecraft:mossy_stone_bricks":1,"atmospheric:arid_sand":7},"minecraft:picked_up":{"minecraft:wheat":1,"minecraft:crafting_table":1,"minecraft:ladder":2,"atmospheric:laurel_log":4,"bakery:strawberry_seeds":1,"waystones:sandy_waystone":3,"minecraft:chainmail_chestplate":1,"byg:subzero_ash_block":63,"undead_unleashed:charstone_shard":4,"minecraft:string":5,"minecraft:dirt":6,"minecraft:red_bed":7,"minecraft:white_banner":1,"takesapillage:ravager_horn":1,"minecraft:armor_stand":4,"darkerdepths:shale":2,"minecraft:bone":2,"minecraft:wheat_seeds":18,"darkerdepths:amber":3,"twigs:pebble":1,"minecraft:written_book":1,"atmospheric:arid_sand":6,"minecraft:poppy":2,"twigs:twig":2,"minecraft:melon_slice":42,"minecraft:sugar_cane":26,"minecraft:acacia_sapling":3,"globalxp:xp_block":1,"minecraft:sandstone":3,"apotheosis:gem":6,"minecraft:dandelion":2,"minecraft:acacia_log":16,"minecraft:quartz":2,"minecraft:porkchop":5,"minecraft:sand":10,"atmospheric:dragon_fruit":1,"undead_unleashed:grave_metal_scrap":2,"alexsmobs:tendon_whip":1,"majruszsaccessories:dream_catcher":1,"minecraft:firework_rocket":9,"minecraft:arrow":14,"minecraft:rotten_flesh":3,"atmospheric:barrel_cactus":4,"minecraft:sandstone_stairs":3,"atmospheric:laurel_planks":11,"minecraft:emerald":6,"supplementaries:ash":1,"minecraft:netherrack":4,"minecraft:obsidian":15,"minecolonies:supplycampdeployer":1},"minecraft:crafted":{"minecraft:crafting_table":1,"minecraft:smithing_table":1,"minecraft:iron_bars":16,"cisco_mod:adventurer_chestplate":1,"minecraft:iron_chestplate":1,"minecraft:diamond_pickaxe":1,"minecraft:stick":8,"atmospheric:laurel_planks":16,"minecraft:acacia_door":3,"minecraft:acacia_planks":64,"woodworks:acacia_chest":4},"minecraft:broken":{"majruszsdifficulty:tattered_boots":1},"minecraft:dropped":{"minecolonies:supplycampdeployer":1,"twigs:pebble":1,"bakery:strawberry_seeds":1,"apotheosis:gem":4,"atmospheric:laurel_planks":11,"minecraft:sand":1,"minecraft:written_book":1},"minecraft:killed":{"minecraft:pig":3,"minecraft:spider":1,"minecraft:vindicator":1,"enemyexpansion:equestrian":1,"iter_rpg:spiderling":1,"minecraft:skeleton":1,"minecraft:pillager":12,"minecraft:zombie":1,"enemyexpansion:botfly":5}},"DataVersion":3120}