{"stats":{"minecraft:picked_up":{"minecolonies:supplycampdeployer":1,"irons_spellbooks:scroll":1,"minecraft:wheat":1,"minecraft:redstone_block":1,"minecraft:flower_pot":1,"undead_unleashed:cursed_cloth":1,"minecraft:diamond_sword":1,"aether:iron_gloves":1,"minecraft:enchanted_book":13,"minecraft:potion":4,"bakery:strawberry_seeds":1,"byg:subzero_ash_block":63,"vinery:savanna_grape_seeds_red":3,"minecraft:lapis_block":4,"minecraft:string":41,"minecraft:iron_leggings":1,"darkerdepths:shale":2,"minecraft:armor_stand":4,"woodworks:oak_chest":5,"minecraft:gold_nugget":37,"twigs:pebble":2,"minecraft:written_book":1,"minecraft:iron_pickaxe":2,"minecraft:melon_slice":42,"farmersdelight:ratatouille":12,"minecraft:tipped_arrow":1,"apotheosis:gem":25,"minecraft:brown_terracotta":1,"minecraft:oak_fence":1,"minecraft:torch":8,"minecraft:acacia_log":60,"minecraft:porkchop":5,"alexsmobs:tendon_whip":1,"majruszsaccessories:dream_catcher":5,"minecraft:cactus":1,"minecraft:rotten_flesh":16,"supplementaries:ash":1,"minecraft:obsidian":37,"minecraft:iron_bars":8,"minecraft:cobblestone":26,"farmersdelight:rice":6,"relics:holy_locket":1,"ars_nouveau:source_berry":3,"atmospheric:laurel_log":4,"minecraft:wither_skeleton_skull":1,"iter_rpg:grimstone_bricks":2,"minecraft:dirt":346,"minecraft:lantern":1,"minecraft:glass":5,"minecraft:bone":13,"darkerdepths:amber":3,"minecraft:wheat_seeds":48,"minecraft:diamond_helmet":1,"minecraft:glowstone_dust":144,"twigs:twig":2,"irons_spellbooks:frozen_bone":4,"minecraft:sand":16,"minecraft:lily_of_the_valley":1,"minecraft:chiseled_sandstone":3,"minecraft:mossy_cobblestone":2,"quark:jasper":1,"forbidden_arcanus:ender_pearl_fragment":1,"woodworks:acacia_bookshelf":4,"alexsmobs:guster_eye":1,"minecraft:diamond":5,"iter_rpg:crystal_tear":1,"minecraft:lever":1,"iter_rpg:abyssquartz_shard":11,"blue_skies:turquoise_stonebrick":15,"minecraft:golden_horse_armor":1,"minecraft:emerald":17,"alexsmobs:maggot":1,"minecraft:oak_sapling":21,"twigs:rhyolite":18,"minecraft:netherrack":4,"minecraft:diamond_pickaxe":1,"minecraft:crafting_table":1,"minecraft:ladder":4,"toms_storage:ts.storage_terminal":2,"iter_rpg:polished_grimstone":3,"minecraft:diamond_horse_armor":2,"minecraft:chain":2,"aether:leather_gloves":1,"minecraft:red_bed":7,"minecraft:iron_axe":3,"minecraft:item_frame":2,"takesapillage:ravager_horn":1,"atmospheric:arid_sand":7,"minecraft:iron_nugget":29,"minecraft:poppy":4,"minecraft:sugar_cane":26,"globalxp:xp_block":1,"minecraft:sandstone":14,"ironchest:iron_chest":2,"atmospheric:dragon_fruit":1,"ars_nouveau:split_arrow":36,"minecraft:carrot":12,"minecraft:redstone":20,"minecraft:smooth_sandstone_slab":4,"iter_rpg:polished_grimstone_wall":2,"minecraft:tnt":2,"minecraft:blue_concrete_powder":1,"minecraft:arrow":27,"minecraft:stone_shovel":1,"minecraft:sandstone_stairs":4,"sophisticatedbackpacks:copper_backpack":1,"blue_skies:moonstone_shard":3,"minecraft:cut_sandstone":2,"minecraft:carrot_on_a_stick":3,"minecraft:crimson_fungus":2,"waystones:sandy_waystone":3,"minecraft:oak_log":11,"minecraft:chainmail_chestplate":1,"woodworks:acacia_chest":1,"minecraft:gunpowder":59,"enemyexpansion:scorpion_tail":2,"undead_unleashed:charstone_shard":4,"minecraft:white_banner":3,"minecraft:smooth_sandstone":7,"minecraft:apple":1,"majruszsdifficulty:tattered_leggings":1,"minecraft:stripped_oak_wood":1,"minecraft:iron_sword":1,"minecraft:acacia_sapling":3,"minecraft:book":52,"minecraft:quartz":19,"minecraft:dandelion":6,"undead_unleashed:grave_metal_scrap":9,"minecraft:spider_eye":4,"farmersdelight:bacon_and_eggs":9,"minecraft:firework_rocket":16,"atmospheric:barrel_cactus":4,"atmospheric:laurel_planks":11,"minecraft:painting":1,"minecraft:melon_seeds":4,"majruszsdifficulty:tattered_chestplate":1,"minecraft:coal":47},"minecraft:killed_by":{"minecraft:creeper":3,"minecraft:pillager":1,"undead_unleashed:shadewraith":1,"undead_unleashed:frenzied_knight":6,"minecraft:vindicator":5,"enemyexpansion:scorpion":1,"minecraft:zombie":2,"iter_rpg:spiderling":1,"minecraft:skeleton":6,"minecraft:phantom":1,"mowziesmobs:umvuthana_raptor":2},"minecraft:used":{"minecraft:ladder":1,"minecraft:shield":14,"minecraft:iron_sword":11,"lootr:trophy":1,"toms_storage:ts.storage_terminal":3,"strictly_origins:damaged_durendal":56,"minecraft:carrot":32,"ironchest:iron_chest":7,"woodworks:acacia_bookshelf":11,"minecraft:obsidian":11,"atmospheric:arid_sand":5,"minecraft:bow":49,"minecraft:written_book":2,"minecraft:furnace":1,"twilightforest:fiery_sword":46,"toms_storage:ts.inventory_connector":1,"minecraft:sandstone":8,"minecraft:diamond_axe":87,"blue_skies:turquoise_stonebrick":15,"minecraft:sand":5,"atmospheric:dragon_fruit":22,"farmersdelight:ratatouille":4,"minecraft:firework_rocket":3,"minecraft:acacia_door":2,"minecraft:bread":20,"atmospheric:laurel_planks":13,"ironchest:iron_to_gold_chest_upgrade":2,"minecraft:diamond_sword":207,"minecraft:wooden_sword":37,"globalxp:xp_block":2,"minecraft:smithing_table":1,"minecraft:golden_pickaxe":11,"minecraft:oak_fence":1,"waystones:sandy_waystone":1,"minecraft:enchanting_table":1,"minecraft:flint_and_steel":1,"woodworks:oak_chest":7,"minecraft:torch":72,"minecraft:dirt":339,"minecraft:anvil":1,"alexsmobs:maggot":1,"minecraft:bookshelf":5,"minecraft:smooth_sandstone":7,"minecraft:golden_axe":17,"minecraft:sandstone_stairs":4,"minecraft:cut_sandstone":2,"minecraft:crafting_table":2,"minecraft:red_bed":7,"farmersdelight:bacon_and_eggs":7,"minecraft:flower_pot":1,"minecraft:diamond_pickaxe":260,"minecraft:apple":1,"minecraft:diamond_shovel":351,"darkerdepths:shale":2,"minecraft:map":1,"alexsmobs:tendon_whip":12,"vinery:savanna_grape_seeds_red":3,"woodworks:acacia_chest":5,"minecraft:white_banner":2,"minecraft:cooked_porkchop":1,"byg:subzero_ash_block":58},"minecraft:custom":{"enigmaticlegacy:play_time_with_seven_curses":0,"lootr:looted_stat":119,"minecraft:interact_with_crafting_table":32,"minecraft:open_barrel":1,"minecraft:leave_game":8,"minecraft:time_since_death":14781,"minecraft:damage_resisted":83,"minecraft:sprint_one_cm":840374,"minecraft:damage_blocked_by_shield":2144,"minecraft:drop":17,"minecraft:talked_to_villager":18,"minecraft:play_time":401714,"minecraft:deaths":29,"minecraft:jump":4834,"minecraft:walk_on_water_one_cm":105654,"minecraft:enchant_item":13,"minecraft:interact_with_furnace":7,"minecraft:traded_with_villager":1,"minecraft:interact_with_cartography_table":2,"minecraft:interact_with_loom":1,"minecraft:sleep_in_bed":28,"minecraft:waystone_activated":8,"minecraft:damage_dealt":42537,"minecraft:crouch_one_cm":9489,"minecraft:interact_with_smoker":1,"minecraft:inspect_dispenser":4,"minecraft:horse_one_cm":6091,"minecraft:interact_with_smithing_table":4,"minecraft:inspect_dropper":5,"minecraft:interact_with_anvil":7,"minecraft:mob_kills":83,"minecraft:damage_dealt_resisted":578,"minecraft:climb_one_cm":26880,"minecraft:walk_one_cm":1333466,"minecraft:damage_dealt_absorbed":125,"minecraft:sneak_time":5750,"minecraft:walk_under_water_one_cm":20543,"minecraft:interact_with_blast_furnace":1,"minecraft:total_world_time":434330,"enigmaticlegacy:play_time_without_seven_curses":399565,"minecraft:raid_trigger":1,"minecraft:pot_flower":1,"minecraft:time_since_rest":4558,"minecraft:damage_absorbed":140,"minecraft:damage_taken":17814,"minecraft:swim_one_cm":49932,"minecraft:fly_one_cm":1490654,"minecraft:open_chest":185,"minecraft:aviate_one_cm":2918299,"minecraft:fall_one_cm":293489},"minecraft:dropped":{"minecolonies:supplycampdeployer":1,"twigs:pebble":1,"minecraft:dirt":2,"minecraft:sand":1,"apotheosis:gem":4,"atmospheric:laurel_planks":11,"minecraft:written_book":1,"bakery:strawberry_seeds":1,"minecraft:map":1,"minecraft:chiseled_sandstone":1,"minecraft:dandelion":7,"minecraft:diamond_sword":1,"minecraft:diamond_pickaxe":1},"minecraft:killed":{"minecraft:cave_spider":1,"enemyexpansion:equestrian":2,"minecraft:spider":3,"minecraft:skeleton":9,"savage_and_ravage:griefer":1,"majruszsdifficulty:creeperling":2,"minecraft:silverfish":3,"minecraft:pig":3,"iter_rpg:spiderling":1,"undead_unleashed:frenzied_knight":1,"minecraft:pillager":15,"minecraft:zombie":8,"undead_unleashed:shadewraith":1,"enemyexpansion:botfly":6,"minecraft:stray":1,"undead_unleashed:haunter":3,"takesapillage:archer":2,"minecraft:vindicator":2,"enemyexpansion:scorpion":3,"minecraft:husk":3,"alexsmobs:guster":2,"enemyexpansion:sprinter":1,"enemyexpansion:huntsman":1},"minecraft:broken":{"majruszsdifficulty:tattered_boots":1},"minecraft:mined":{"minecraft:obsidian":15,"minecraft:acacia_log":61,"minecraft:grass_block":280,"vinery:savanna_grape_bush_red":1,"minecraft:crimson_fungus":1,"minecraft:sandstone_stairs":4,"minecraft:spawner":2,"minecraft:glowstone":40,"byg:sythian_nylium":2,"minecraft:fire":4,"toms_storage:ts.storage_terminal":2,"darkerdepths:shale":2,"bakery:strawberry_jungle":1,"iter_rpg:polished_grimstone_wall":3,"atmospheric:arid_sand":7,"quark:violet_corundum":1,"minecraft:cut_sandstone":2,"ecologics:pot":8,"minecraft:blue_concrete_powder":1,"minecraft:red_bed":7,"blue_skies:turquoise_stonebrick":15,"minecraft:torch":4,"minecraft:poppy":4,"minecraft:melon":7,"minecraft:dead_bush":1,"minecraft:nether_quartz_ore":5,"minecraft:cobblestone":5,"minecraft:sugar_cane":16,"iter_rpg:grimstone_bricks":1,"minecraft:smooth_sandstone_slab":7,"minecraft:wall_torch":1,"minecraft:chain":1,"minecraft:blue_terracotta":1,"minecraft:lapis_block":9,"atmospheric:laurel_log":4,"byg:subzero_ash_block":63,"minecraft:stripped_oak_wood":1,"minecraft:tnt":6,"minecraft:grass":281,"minecraft:oak_log":11,"minecraft:sand":10,"minecraft:dirt":68,"minecraft:netherrack":3,"minecraft:oak_leaves":10,"undead_unleashed:charstone":1,"minecraft:mossy_cobblestone":1,"minecraft:lever":1,"minecraft:ladder":2,"byg:subzero_ash":1,"darkerdepths:amber":2,"minecraft:soul_campfire":1,"minecraft:sandstone":17,"quark:jasper":1,"minecraft:redstone_ore":4,"minecraft:chiseled_sandstone":1,"iter_rpg:polished_grimstone":3,"woodworks:acacia_chest":1,"minecraft:bookshelf":19,"ironchest:iron_chest":2,"minecraft:stone":30,"minecraft:podzol":1,"minecraft:acacia_leaves":8,"twigs:pebble":2,"minecraft:redstone_block":1,"minecraft:glass_pane":2,"minecraft:potted_lily_of_the_valley":1,"minecraft:dandelion":3,"minecraft:oak_fence":1,"minecraft:crafting_table":1,"minecraft:smooth_sandstone":8,"woodworks:oak_chest":5,"minecraft:black_stained_glass":2,"iter_rpg:abyss_quartz":1,"globalxp:xp_block":1,"minecraft:coal_ore":51,"minecraft:cobweb":6,"minecraft:brown_terracotta":3,"minecraft:mossy_stone_bricks":1},"minecraft:crafted":{"minecraft:oak_planks":44,"minecraft:stone":0,"minecraft:iron_bars":16,"minecraft:glass":0,"minecraft:diamond_helmet":1,"minecraft:comparator":3,"woodworks:acacia_bookshelf":15,"blue_skies:blue_journal":1,"minecraft:crafting_table":1,"minecraft:smithing_table":1,"cisco_mod:adventurer_chestplate":1,"minecraft:iron_chestplate":1,"minecraft:diamond_pickaxe":1,"minecraft:stick":20,"minecraft:iron_ingot":2,"minecraft:acacia_door":3,"minecraft:redstone_torch":9,"woodworks:acacia_chest":14,"minecraft:furnace":1,"toms_storage:ts.inventory_connector":1,"sophisticatedbackpacks:iron_backpack":1,"ironfurnaces:upgrade_iron":1,"minecraft:glowstone":35,"minecraft:air":0,"woodworks:oak_chest":5,"ironchest:iron_to_gold_chest_upgrade":2,"atmospheric:laurel_planks":16,"minecraft:acacia_planks":240,"minecraft:lapis_lazuli":36,"ironchest:iron_chest":5}},"DataVersion":3120}