{"stats":{"minecraft:used":{"waystones:sandy_waystone":1,"minecraft:flint_and_steel":1,"minecraft:ladder":1,"minecraft:shield":10,"minecraft:iron_sword":8,"strictly_origins:damaged_durendal":56,"minecraft:dirt":3,"minecraft:obsidian":11,"minecraft:smooth_sandstone":7,"atmospheric:arid_sand":5,"minecraft:bow":43,"minecraft:written_book":2,"minecraft:golden_axe":17,"minecraft:sandstone_stairs":4,"twilightforest:fiery_sword":46,"minecraft:sandstone":5,"minecraft:diamond_axe":10,"minecraft:sand":5,"atmospheric:dragon_fruit":22,"minecraft:crafting_table":2,"minecraft:red_bed":7,"farmersdelight:bacon_and_eggs":7,"farmersdelight:ratatouille":2,"minecraft:diamond_pickaxe":60,"minecraft:acacia_door":2,"darkerdepths:shale":2,"minecraft:bread":15,"atmospheric:laurel_planks":13,"alexsmobs:tendon_whip":12,"minecraft:diamond_sword":121,"woodworks:acacia_chest":4,"minecraft:wooden_sword":37,"globalxp:xp_block":2,"minecraft:cooked_porkchop":1,"minecraft:smithing_table":1,"minecraft:golden_pickaxe":11,"byg:subzero_ash_block":58},"minecraft:killed_by":{"minecraft:creeper":1,"undead_unleashed:frenzied_knight":6,"iter_rpg:spiderling":1,"minecraft:vindicator":4,"minecraft:skeleton":4,"minecraft:zombie":1},"minecraft:custom":{"minecraft:interact_with_smithing_table":1,"enigmaticlegacy:play_time_with_seven_curses":0,"lootr:looted_stat":66,"minecraft:inspect_dropper":4,"minecraft:mob_kills":59,"minecraft:interact_with_crafting_table":9,"minecraft:damage_dealt_resisted":0,"minecraft:leave_game":2,"minecraft:time_since_death":552,"minecraft:climb_one_cm":21235,"minecraft:damage_resisted":83,"minecraft:sprint_one_cm":531514,"minecraft:walk_one_cm":673119,"minecraft:damage_blocked_by_shield":1588,"minecraft:drop":11,"minecraft:damage_dealt_absorbed":125,"minecraft:talked_to_villager":9,"minecraft:play_time":210845,"minecraft:deaths":17,"minecraft:sneak_time":4727,"minecraft:walk_under_water_one_cm":17829,"minecraft:jump":3650,"minecraft:interact_with_blast_furnace":1,"minecraft:walk_on_water_one_cm":57373,"minecraft:total_world_time":243461,"minecraft:interact_with_furnace":1,"enigmaticlegacy:play_time_without_seven_curses":209292,"minecraft:interact_with_cartography_table":1,"minecraft:sleep_in_bed":13,"minecraft:time_since_rest":587,"minecraft:waystone_activated":6,"minecraft:damage_taken":10769,"minecraft:damage_absorbed":60,"minecraft:damage_dealt":21636,"minecraft:swim_one_cm":49932,"minecraft:fly_one_cm":879833,"minecraft:open_chest":25,"minecraft:crouch_one_cm":7636,"minecraft:fall_one_cm":132074,"minecraft:inspect_dispenser":4},"minecraft:mined":{"undead_unleashed:charstone":1,"minecraft:obsidian":15,"minecraft:ladder":2,"minecraft:acacia_log":17,"minecraft:grass_block":4,"byg:subzero_ash":1,"darkerdepths:amber":2,"minecraft:sandstone":9,"quark:jasper":1,"minecraft:sandstone_stairs":4,"minecraft:redstone_ore":4,"byg:sythian_nylium":2,"minecraft:fire":1,"minecraft:bookshelf":14,"darkerdepths:shale":2,"bakery:strawberry_jungle":1,"minecraft:stone":2,"atmospheric:arid_sand":7,"quark:violet_corundum":1,"minecraft:podzol":1,"twigs:pebble":1,"minecraft:redstone_block":1,"minecraft:glass_pane":2,"ecologics:pot":3,"minecraft:red_bed":7,"minecraft:potted_lily_of_the_valley":1,"minecraft:dandelion":2,"minecraft:crafting_table":1,"minecraft:smooth_sandstone":7,"minecraft:poppy":2,"minecraft:melon":7,"minecraft:nether_quartz_ore":2,"minecraft:sugar_cane":16,"atmospheric:laurel_log":4,"globalxp:xp_block":1,"minecraft:stripped_oak_wood":1,"minecraft:tnt":2,"byg:subzero_ash_block":63,"minecraft:grass":170,"minecraft:coal_ore":4,"minecraft:sand":10,"minecraft:dirt":2,"minecraft:cobweb":4,"minecraft:netherrack":3,"minecraft:mossy_stone_bricks":1},"minecraft:picked_up":{"minecolonies:supplycampdeployer":1,"minecraft:crafting_table":1,"minecraft:wheat":1,"minecraft:redstone_block":1,"minecraft:ladder":2,"minecraft:flower_pot":1,"undead_unleashed:cursed_cloth":1,"bakery:strawberry_seeds":1,"byg:subzero_ash_block":63,"minecraft:string":11,"minecraft:red_bed":7,"minecraft:item_frame":1,"darkerdepths:shale":2,"minecraft:armor_stand":4,"takesapillage:ravager_horn":1,"minecraft:gold_nugget":1,"twigs:pebble":1,"minecraft:written_book":1,"minecraft:iron_nugget":1,"minecraft:poppy":2,"atmospheric:arid_sand":6,"minecraft:melon_slice":42,"minecraft:sugar_cane":26,"globalxp:xp_block":1,"minecraft:tipped_arrow":1,"minecraft:sandstone":6,"apotheosis:gem":14,"minecraft:acacia_log":16,"minecraft:porkchop":5,"atmospheric:dragon_fruit":1,"alexsmobs:tendon_whip":1,"minecraft:redstone":19,"majruszsaccessories:dream_catcher":2,"minecraft:tnt":2,"minecraft:arrow":23,"minecraft:rotten_flesh":10,"minecraft:sandstone_stairs":4,"sophisticatedbackpacks:copper_backpack":1,"supplementaries:ash":1,"minecraft:obsidian":15,"atmospheric:laurel_log":4,"waystones:sandy_waystone":3,"minecraft:chainmail_chestplate":1,"minecraft:gunpowder":1,"minecraft:wither_skeleton_skull":1,"enemyexpansion:scorpion_tail":1,"undead_unleashed:charstone_shard":4,"minecraft:dirt":6,"minecraft:white_banner":1,"minecraft:smooth_sandstone":7,"minecraft:bone":12,"majruszsdifficulty:tattered_leggings":1,"darkerdepths:amber":3,"minecraft:wheat_seeds":18,"minecraft:stripped_oak_wood":1,"twigs:twig":2,"minecraft:acacia_sapling":3,"minecraft:book":42,"irons_spellbooks:frozen_bone":4,"minecraft:quartz":2,"minecraft:dandelion":2,"minecraft:sand":15,"undead_unleashed:grave_metal_scrap":9,"minecraft:lily_of_the_valley":1,"minecraft:spider_eye":1,"quark:jasper":1,"minecraft:firework_rocket":9,"alexsmobs:guster_eye":1,"atmospheric:barrel_cactus":4,"atmospheric:laurel_planks":11,"minecraft:emerald":6,"minecraft:netherrack":4,"majruszsdifficulty:tattered_chestplate":1},"minecraft:crafted":{"minecraft:iron_bars":16,"minecraft:crafting_table":1,"minecraft:smithing_table":1,"cisco_mod:adventurer_chestplate":1,"minecraft:iron_chestplate":1,"minecraft:diamond_pickaxe":1,"minecraft:stick":8,"atmospheric:laurel_planks":16,"minecraft:acacia_door":3,"minecraft:acacia_planks":64,"woodworks:acacia_chest":4},"minecraft:broken":{"majruszsdifficulty:tattered_boots":1},"minecraft:killed":{"enemyexpansion:equestrian":2,"minecraft:vindicator":1,"minecraft:spider":3,"minecraft:skeleton":9,"enemyexpansion:scorpion":1,"minecraft:husk":3,"alexsmobs:guster":2,"minecraft:pig":3,"enemyexpansion:sprinter":1,"iter_rpg:spiderling":1,"undead_unleashed:frenzied_knight":1,"minecraft:pillager":12,"minecraft:zombie":4,"undead_unleashed:shadewraith":1,"enemyexpansion:botfly":6,"enemyexpansion:huntsman":1,"minecraft:stray":1,"undead_unleashed:haunter":3},"minecraft:dropped":{"minecolonies:supplycampdeployer":1,"twigs:pebble":1,"bakery:strawberry_seeds":1,"minecraft:sand":1,"apotheosis:gem":4,"atmospheric:laurel_planks":11,"minecraft:written_book":1}},"DataVersion":3120}