{"stats":{"minecraft:picked_up":{"minecolonies:supplycampdeployer":1,"irons_spellbooks:scroll":1,"minecraft:crafting_table":1,"minecraft:wheat":1,"minecraft:redstone_block":1,"minecraft:ladder":4,"minecraft:flower_pot":1,"undead_unleashed:cursed_cloth":1,"iter_rpg:polished_grimstone":3,"minecraft:diamond_sword":1,"bakery:strawberry_seeds":1,"minecraft:chain":1,"byg:subzero_ash_block":63,"vinery:savanna_grape_seeds_red":3,"minecraft:lapis_block":4,"minecraft:string":24,"minecraft:red_bed":7,"minecraft:iron_axe":1,"minecraft:item_frame":1,"darkerdepths:shale":2,"minecraft:armor_stand":4,"woodworks:oak_chest":2,"takesapillage:ravager_horn":1,"minecraft:gold_nugget":3,"twigs:pebble":2,"minecraft:written_book":1,"atmospheric:arid_sand":6,"minecraft:iron_nugget":3,"minecraft:poppy":4,"minecraft:melon_slice":42,"minecraft:sugar_cane":26,"globalxp:xp_block":1,"minecraft:tipped_arrow":1,"minecraft:sandstone":8,"apotheosis:gem":18,"minecraft:brown_terracotta":1,"minecraft:oak_fence":1,"minecraft:torch":8,"minecraft:acacia_log":60,"minecraft:porkchop":5,"atmospheric:dragon_fruit":1,"ars_nouveau:split_arrow":36,"minecraft:carrot":1,"alexsmobs:tendon_whip":1,"minecraft:redstone":20,"majruszsaccessories:dream_catcher":4,"minecraft:smooth_sandstone_slab":4,"iter_rpg:polished_grimstone_wall":2,"minecraft:tnt":2,"minecraft:blue_concrete_powder":1,"minecraft:arrow":27,"minecraft:rotten_flesh":15,"minecraft:sandstone_stairs":4,"sophisticatedbackpacks:copper_backpack":1,"supplementaries:ash":1,"minecraft:obsidian":15,"minecraft:cobblestone":26,"minecraft:cut_sandstone":2,"atmospheric:laurel_log":4,"waystones:sandy_waystone":3,"minecraft:oak_log":11,"minecraft:chainmail_chestplate":1,"iter_rpg:grimstone_bricks":1,"minecraft:gunpowder":8,"minecraft:wither_skeleton_skull":1,"enemyexpansion:scorpion_tail":1,"undead_unleashed:charstone_shard":4,"minecraft:dirt":344,"minecraft:lantern":1,"minecraft:white_banner":3,"minecraft:smooth_sandstone":7,"minecraft:bone":13,"minecraft:apple":1,"darkerdepths:amber":3,"minecraft:wheat_seeds":48,"majruszsdifficulty:tattered_leggings":1,"minecraft:stripped_oak_wood":1,"twigs:twig":2,"minecraft:acacia_sapling":3,"minecraft:book":51,"irons_spellbooks:frozen_bone":4,"minecraft:quartz":2,"minecraft:dandelion":3,"minecraft:sand":16,"undead_unleashed:grave_metal_scrap":9,"minecraft:lily_of_the_valley":1,"minecraft:chiseled_sandstone":2,"minecraft:spider_eye":2,"minecraft:mossy_cobblestone":1,"quark:jasper":1,"forbidden_arcanus:ender_pearl_fragment":1,"minecraft:firework_rocket":9,"alexsmobs:guster_eye":1,"minecraft:lever":1,"atmospheric:barrel_cactus":4,"atmospheric:laurel_planks":11,"blue_skies:turquoise_stonebrick":15,"minecraft:emerald":9,"twigs:rhyolite":9,"alexsmobs:maggot":1,"minecraft:oak_sapling":8,"minecraft:netherrack":4,"majruszsdifficulty:tattered_chestplate":1,"minecraft:coal":47,"minecraft:diamond_pickaxe":1},"minecraft:killed_by":{"minecraft:creeper":2,"minecraft:pillager":1,"undead_unleashed:shadewraith":1,"undead_unleashed:frenzied_knight":6,"iter_rpg:spiderling":1,"minecraft:vindicator":5,"enemyexpansion:scorpion":1,"minecraft:skeleton":5,"minecraft:phantom":1,"minecraft:zombie":2,"mowziesmobs:umvuthana_raptor":2},"minecraft:used":{"minecraft:oak_fence":1,"minecraft:enchanting_table":1,"waystones:sandy_waystone":1,"minecraft:flint_and_steel":1,"minecraft:ladder":1,"woodworks:oak_chest":7,"minecraft:shield":11,"minecraft:iron_sword":11,"lootr:trophy":1,"strictly_origins:damaged_durendal":56,"minecraft:torch":72,"minecraft:dirt":339,"minecraft:anvil":1,"minecraft:carrot":32,"woodworks:acacia_bookshelf":11,"minecraft:obsidian":11,"alexsmobs:maggot":1,"minecraft:bookshelf":5,"minecraft:smooth_sandstone":7,"atmospheric:arid_sand":5,"minecraft:bow":49,"minecraft:written_book":2,"minecraft:furnace":1,"minecraft:golden_axe":17,"minecraft:sandstone_stairs":4,"twilightforest:fiery_sword":46,"minecraft:sandstone":8,"minecraft:diamond_axe":83,"blue_skies:turquoise_stonebrick":15,"minecraft:sand":5,"minecraft:crafting_table":2,"atmospheric:dragon_fruit":22,"minecraft:red_bed":7,"farmersdelight:bacon_and_eggs":7,"farmersdelight:ratatouille":4,"minecraft:flower_pot":1,"minecraft:diamond_pickaxe":209,"minecraft:apple":1,"minecraft:firework_rocket":3,"minecraft:diamond_shovel":351,"minecraft:acacia_door":2,"darkerdepths:shale":2,"minecraft:bread":17,"minecraft:map":1,"atmospheric:laurel_planks":13,"alexsmobs:tendon_whip":12,"vinery:savanna_grape_seeds_red":3,"minecraft:diamond_sword":192,"woodworks:acacia_chest":5,"minecraft:wooden_sword":37,"globalxp:xp_block":2,"minecraft:white_banner":2,"minecraft:cooked_porkchop":1,"minecraft:smithing_table":1,"byg:subzero_ash_block":58,"minecraft:golden_pickaxe":11},"minecraft:custom":{"minecraft:interact_with_smithing_table":4,"enigmaticlegacy:play_time_with_seven_curses":0,"lootr:looted_stat":117,"minecraft:inspect_dropper":5,"minecraft:interact_with_anvil":7,"minecraft:mob_kills":80,"minecraft:interact_with_crafting_table":26,"minecraft:open_barrel":1,"minecraft:damage_dealt_resisted":578,"minecraft:leave_game":7,"minecraft:time_since_death":4059,"minecraft:climb_one_cm":26880,"minecraft:damage_resisted":83,"minecraft:sprint_one_cm":825166,"minecraft:walk_one_cm":1221828,"minecraft:damage_blocked_by_shield":1658,"minecraft:drop":17,"minecraft:damage_dealt_absorbed":125,"minecraft:talked_to_villager":18,"minecraft:play_time":379200,"minecraft:deaths":27,"minecraft:sneak_time":5431,"minecraft:walk_under_water_one_cm":20543,"minecraft:jump":4745,"minecraft:interact_with_blast_furnace":1,"minecraft:walk_on_water_one_cm":105441,"minecraft:enchant_item":13,"minecraft:total_world_time":411816,"minecraft:interact_with_furnace":6,"minecraft:traded_with_villager":1,"enigmaticlegacy:play_time_without_seven_curses":377119,"minecraft:interact_with_cartography_table":2,"minecraft:interact_with_loom":1,"minecraft:raid_trigger":1,"minecraft:pot_flower":1,"minecraft:sleep_in_bed":26,"minecraft:time_since_rest":4113,"minecraft:waystone_activated":8,"minecraft:damage_taken":16994,"minecraft:damage_absorbed":140,"minecraft:damage_dealt":34372,"minecraft:fly_one_cm":1397472,"minecraft:swim_one_cm":49932,"minecraft:open_chest":167,"minecraft:crouch_one_cm":8821,"minecraft:aviate_one_cm":2677346,"minecraft:interact_with_smoker":1,"minecraft:fall_one_cm":268901,"minecraft:inspect_dispenser":4,"minecraft:horse_one_cm":6091},"minecraft:dropped":{"minecolonies:supplycampdeployer":1,"twigs:pebble":1,"minecraft:dirt":2,"bakery:strawberry_seeds":1,"minecraft:map":1,"minecraft:sand":1,"minecraft:chiseled_sandstone":1,"minecraft:dandelion":7,"minecraft:diamond_sword":1,"minecraft:diamond_pickaxe":1,"apotheosis:gem":4,"atmospheric:laurel_planks":11,"minecraft:written_book":1},"minecraft:killed":{"minecraft:cave_spider":1,"minecraft:spider":3,"minecraft:vindicator":2,"enemyexpansion:equestrian":2,"minecraft:skeleton":9,"savage_and_ravage:griefer":1,"majruszsdifficulty:creeperling":2,"minecraft:silverfish":3,"enemyexpansion:scorpion":1,"minecraft:husk":3,"alexsmobs:guster":2,"minecraft:pig":3,"iter_rpg:spiderling":1,"enemyexpansion:sprinter":1,"undead_unleashed:frenzied_knight":1,"minecraft:pillager":15,"minecraft:zombie":7,"undead_unleashed:shadewraith":1,"enemyexpansion:botfly":6,"enemyexpansion:huntsman":1,"minecraft:stray":1,"undead_unleashed:haunter":3,"takesapillage:archer":2},"minecraft:broken":{"majruszsdifficulty:tattered_boots":1},"minecraft:crafted":{"minecraft:oak_planks":44,"minecraft:furnace":1,"minecraft:stone":0,"minecraft:iron_bars":16,"minecraft:glass":0,"minecraft:diamond_helmet":1,"minecraft:comparator":2,"woodworks:acacia_bookshelf":15,"sophisticatedbackpacks:iron_backpack":1,"blue_skies:blue_journal":1,"minecraft:crafting_table":1,"minecraft:smithing_table":1,"ironfurnaces:upgrade_iron":1,"minecraft:air":0,"woodworks:oak_chest":5,"cisco_mod:adventurer_chestplate":1,"minecraft:iron_chestplate":1,"minecraft:diamond_pickaxe":1,"minecraft:stick":16,"atmospheric:laurel_planks":16,"minecraft:acacia_door":3,"minecraft:redstone_torch":8,"minecraft:acacia_planks":240,"woodworks:acacia_chest":6,"minecraft:lapis_lazuli":36},"minecraft:mined":{"undead_unleashed:charstone":1,"minecraft:mossy_cobblestone":1,"minecraft:obsidian":15,"minecraft:lever":1,"minecraft:ladder":2,"minecraft:acacia_log":61,"minecraft:grass_block":279,"byg:subzero_ash":1,"darkerdepths:amber":2,"vinery:savanna_grape_bush_red":1,"minecraft:sandstone":17,"quark:jasper":1,"minecraft:spawner":1,"minecraft:sandstone_stairs":4,"minecraft:redstone_ore":4,"byg:sythian_nylium":2,"minecraft:fire":3,"minecraft:chiseled_sandstone":1,"iter_rpg:polished_grimstone":3,"minecraft:bookshelf":19,"darkerdepths:shale":2,"bakery:strawberry_jungle":1,"iter_rpg:polished_grimstone_wall":3,"minecraft:stone":30,"atmospheric:arid_sand":7,"quark:violet_corundum":1,"minecraft:podzol":1,"minecraft:cut_sandstone":2,"minecraft:acacia_leaves":8,"twigs:pebble":2,"minecraft:redstone_block":1,"minecraft:glass_pane":2,"minecraft:red_bed":7,"ecologics:pot":7,"minecraft:blue_concrete_powder":1,"blue_skies:turquoise_stonebrick":15,"minecraft:potted_lily_of_the_valley":1,"minecraft:dandelion":3,"minecraft:crafting_table":1,"minecraft:oak_fence":1,"minecraft:smooth_sandstone":8,"minecraft:torch":4,"minecraft:poppy":4,"minecraft:melon":7,"minecraft:dead_bush":1,"woodworks:oak_chest":2,"minecraft:nether_quartz_ore":2,"minecraft:cobblestone":5,"minecraft:sugar_cane":16,"iter_rpg:grimstone_bricks":1,"minecraft:smooth_sandstone_slab":7,"minecraft:wall_torch":1,"minecraft:chain":1,"minecraft:black_stained_glass":2,"minecraft:blue_terracotta":1,"minecraft:lapis_block":9,"atmospheric:laurel_log":4,"globalxp:xp_block":1,"byg:subzero_ash_block":63,"minecraft:stripped_oak_wood":1,"minecraft:tnt":6,"minecraft:grass":281,"minecraft:coal_ore":51,"minecraft:oak_log":11,"minecraft:brown_terracotta":3,"minecraft:sand":10,"minecraft:dirt":67,"minecraft:cobweb":5,"minecraft:netherrack":3,"minecraft:mossy_stone_bricks":1,"minecraft:oak_leaves":10}},"DataVersion":3120}