{
  "comforts:sleeping_bag_light_gray": {
    "criteria": {
      "has_the_recipe": "2024-07-13 02:47:47 +0000"
    },
    "done": true
  },
  "apotheosis:affix/rare": {
    "criteria": {
      "sword": "2024-07-13 03:25:09 +0000"
    },
    "done": true
  },
  "incendium:technical/on_block": {
    "criteria": {
      "log_spam_fixer": "2024-07-13 02:48:29 +0000"
    },
    "done": false
  },
  "vinery:dark_oak_wine_rack_small": {
    "criteria": {
      "has_the_recipe": "2024-07-13 02:47:47 +0000"
    },
    "done": true
  },
  "vinery:birch_wine_rack_small": {
    "criteria": {
      "has_the_recipe": "2024-07-13 02:47:47 +0000"
    },
    "done": true
  },
  "comforts:hammock_cyan_from_white": {
    "criteria": {
      "has_the_recipe": "2024-07-13 02:47:46 +0000"
    },
    "done": true
  },
  "comforts:hammock_black": {
    "criteria": {
      "has_the_recipe": "2024-07-13 02:47:47 +0000"
    },
    "done": true
  },
  "repurposed_structures:pyramids": {
    "criteria": {
      "in_pyramid_jungle": "2024-07-13 04:44:38 +0000"
    },
    "done": false
  },
  "comforts:sleeping_bag_light_blue": {
    "criteria": {
      "has_the_recipe": "2024-07-13 02:47:47 +0000"
    },
    "done": true
  },
  "comforts:sleeping_bag_lime": {
    "criteria": {
      "has_the_recipe": "2024-07-13 02:47:47 +0000"
    },
    "done": true
  },
  "vinery:window": {
    "criteria": {
      "has_the_recipe": "2024-07-13 02:47:47 +0000"
    },
    "done": true
  },
  "enigmaticlegacy:recipes/generic/magnet_ring": {
    "criteria": {
      "has_parent_recipe": "2024-07-13 03:23:30 +0000",
      "has_items": "2024-07-13 03:47:22 +0000"
    },
    "done": true
  },
  "twilightforest:fiery_set": {
    "criteria": {
      "fiery_sword": "2024-07-13 15:42:33 +0000"
    },
    "done": false
  },
  "naturescompass:natures_compass": {
    "criteria": {
      "has_compass": "2024-07-13 02:47:46 +0000"
    },
    "done": true
  },
  "vinery:vinemaker_leggings": {
    "criteria": {
      "has_the_recipe": "2024-07-13 02:47:47 +0000"
    },
    "done": true
  },
  "comforts:sleeping_bag_lime_from_white": {
    "criteria": {
      "has_the_recipe": "2024-07-13 02:47:47 +0000"
    },
    "done": true
  },
  "vinery:big_table": {
    "criteria": {
      "has_the_recipe": "2024-07-13 02:47:47 +0000"
    },
    "done": true
  },
  "minecraft:nether/root": {
    "criteria": {
      "entered_nether": "2024-07-13 05:30:04 +0000"
    },
    "done": true
  },
  "vinery:cherry_pressure_plate": {
    "criteria": {
      "has_the_recipe": "2024-07-13 02:47:47 +0000"
    },
    "done": true
  },
  "vinery:loam": {
    "criteria": {
      "has_the_recipe": "2024-07-13 02:47:47 +0000"
    },
    "done": true
  },
  "vinery:cherry_fence": {
    "criteria": {
      "has_the_recipe": "2024-07-13 02:47:47 +0000"
    },
    "done": true
  },
  "enigmaticlegacy:recipes/generic/the_acknowledgment": {
    "criteria": {
      "has_iron_ingot": "2024-07-13 02:47:46 +0000"
    },
    "done": true
  },
  "vinery:basket": {
    "criteria": {
      "has_the_recipe": "2024-07-13 02:47:47 +0000"
    },
    "done": true
  },
  "vinery:straw_hat": {
    "criteria": {
      "has_the_recipe": "2024-07-13 02:47:47 +0000"
    },
    "done": true
  },
  "comforts:sleeping_bag_black": {
    "criteria": {
      "has_the_recipe": "2024-07-13 02:47:47 +0000"
    },
    "done": true
  },
  "enigmaticlegacy:recipes/generic/iron_ring": {
    "criteria": {
      "has_iron_ingot": "2024-07-13 03:23:30 +0000"
    },
    "done": true
  },
  "minecraft:story/shiny_gear": {
    "criteria": {
      "diamond_helmet": "2024-07-15 02:20:45 +0000"
    },
    "done": true
  },
  "apotheosis:give_book": {
    "criteria": {
      "tick": "2024-07-13 02:47:47 +0000"
    },
    "done": true
  },
  "comforts:hammock_red_from_white": {
    "criteria": {
      "has_the_recipe": "2024-07-13 02:47:47 +0000"
    },
    "done": true
  },
  "unusualend:we_have_a_problem": {
    "criteria": {
      "we_have_a_problem": "2024-07-14 02:47:35 +0000"
    },
    "done": true
  },
  "comforts:hammock_yellow": {
    "criteria": {
      "has_the_recipe": "2024-07-13 02:47:47 +0000"
    },
    "done": true
  },
  "dungeons_arise:find_heavenly_conqueror": {
    "criteria": {
      "location0": "2024-07-14 02:49:22 +0000"
    },
    "done": true
  },
  "explorerscompass:explorers_compass_cobweb": {
    "criteria": {
      "has_recipe": "2024-07-13 02:47:46 +0000",
      "has_cobweb": "2024-07-13 02:47:46 +0000"
    },
    "done": true
  },
  "morevillagers:first_trade": {
    "criteria": {
      "villagertrade": "2024-07-13 19:26:15 +0000"
    },
    "done": true
  },
  "enigmaticlegacy:recipes/generic/infernal_shield": {
    "criteria": {
      "has_parent_recipe": "2024-07-13 02:47:47 +0000"
    },
    "done": false
  },
  "lootr:1chest": {
    "criteria": {
      "opened_chest": "2024-07-13 03:03:41 +0000"
    },
    "done": true
  },
  "comforts:hammock_pink_from_white": {
    "criteria": {
      "has_the_recipe": "2024-07-13 02:47:47 +0000"
    },
    "done": true
  },
  "vinery:oak_wine_rack_small": {
    "criteria": {
      "has_the_recipe": "2024-07-13 02:47:46 +0000"
    },
    "done": true
  },
  "betterdungeons:all_dungeons": {
    "criteria": {
      "in_better_spider_dungeon": "2024-07-13 03:33:15 +0000"
    },
    "done": false
  },
  "apotheosis:affix/root": {
    "criteria": {
      "sword": "2024-07-13 02:58:10 +0000"
    },
    "done": true
  },
  "totw_modded:jungle_tower": {
    "criteria": {
      "jungle": "2024-07-15 01:54:49 +0000"
    },
    "done": true
  },
  "vinery:cherry_slab": {
    "criteria": {
      "has_the_recipe": "2024-07-13 02:47:47 +0000"
    },
    "done": true
  },
  "enigmaticlegacy:book/accessories/magnet_ring": {
    "criteria": {
      "has_the_recipe": "2024-07-13 03:47:22 +0000"
    },
    "done": true
  },
  "vinery:red_grape_crate": {
    "criteria": {
      "has_the_recipe": "2024-07-13 02:47:47 +0000"
    },
    "done": true
  },
  "vinery:dark_oak_wine_rack_big": {
    "criteria": {
      "has_the_recipe": "2024-07-13 02:47:47 +0000"
    },
    "done": true
  },
  "vinery:wine_box": {
    "criteria": {
      "has_the_recipe": "2024-07-13 02:47:47 +0000"
    },
    "done": true
  },
  "mutantmonsters:root": {
    "criteria": {
      "killed_something": "2024-07-13 02:59:46 +0000"
    },
    "done": true
  },
  "comforts:hammock_purple": {
    "criteria": {
      "has_the_recipe": "2024-07-13 02:47:46 +0000"
    },
    "done": true
  },
  "minecraft:husbandry/balanced_diet": {
    "criteria": {
      "cooked_porkchop": "2024-07-13 04:02:03 +0000",
      "atmospheric:dragon_fruit": "2024-07-13 03:11:18 +0000",
      "apple": "2024-07-13 19:41:37 +0000",
      "bread": "2024-07-13 03:19:37 +0000",
      "carrot": "2024-07-13 19:53:36 +0000"
    },
    "done": false
  },
  "enigmaticlegacy:book/misc/hunter_guidebook": {
    "criteria": {
      "has_the_recipe": "2024-07-13 20:23:03 +0000"
    },
    "done": true
  },
  "dungeons_plus:adventure/find_leviathan": {
    "criteria": {
      "in_structure": "2024-07-13 03:36:29 +0000"
    },
    "done": true
  },
  "vinery:grapevine_lattice": {
    "criteria": {
      "has_the_recipe": "2024-07-13 02:47:47 +0000"
    },
    "done": true
  },
  "vinery:cherry_trapdoor": {
    "criteria": {
      "has_the_recipe": "2024-07-13 02:47:46 +0000"
    },
    "done": true
  },
  "vinery:mangrove_wine_rack_small": {
    "criteria": {
      "has_the_recipe": "2024-07-13 02:47:46 +0000"
    },
    "done": true
  },
  "comforts:hammock_lime": {
    "criteria": {
      "has_the_recipe": "2024-07-13 02:47:47 +0000"
    },
    "done": true
  },
  "comforts:sleeping_bag_pink": {
    "criteria": {
      "has_the_recipe": "2024-07-13 02:47:46 +0000"
    },
    "done": true
  },
  "iter_rpg:iter_root": {
    "criteria": {
      "iter_root": "2024-07-13 02:47:46 +0000"
    },
    "done": true
  },
  "naturescompass:natures_compass_sapling": {
    "criteria": {
      "has_recipe": "2024-07-13 02:47:46 +0000"
    },
    "done": true
  },
  "enemyexpansion:hunted": {
    "criteria": {
      "hunted_0": "2024-07-13 15:52:06 +0000"
    },
    "done": true
  },
  "vinery:birch_wine_rack_big": {
    "criteria": {
      "has_the_recipe": "2024-07-13 02:47:47 +0000"
    },
    "done": true
  },
  "enigmaticlegacy:recipes/generic/tome_uncrafting/tattered_tome": {
    "criteria": {
      "has_items": "2024-07-13 03:47:29 +0000"
    },
    "done": true
  },
  "comforts:sleeping_bag_light_blue_from_white": {
    "criteria": {
      "has_the_recipe": "2024-07-13 02:47:47 +0000"
    },
    "done": true
  },
  "dungeons_enhanced:ambitious_explorer": {
    "criteria": {
      "entered_desert_tomb": "2024-07-13 03:38:06 +0000"
    },
    "done": false
  },
  "incendium:technical/using/shield": {
    "criteria": {
      "requirement": "2024-07-13 05:21:54 +0000",
      "log_spam_fixer": "2024-07-13 02:48:29 +0000"
    },
    "done": true
  },
  "comforts:hammock_magenta": {
    "criteria": {
      "has_the_recipe": "2024-07-13 02:47:47 +0000"
    },
    "done": true
  },
  "vinery:fermentation_barrel": {
    "criteria": {
      "has_the_recipe": "2024-07-13 02:47:47 +0000"
    },
    "done": true
  },
  "enigmaticlegacy:recipes/generic/hunter_guidebook": {
    "criteria": {
      "has_items": "2024-07-13 20:23:03 +0000"
    },
    "done": true
  },
  "minecraft:nether/get_wither_skull": {
    "criteria": {
      "wither_skull": "2024-07-13 16:00:27 +0000"
    },
    "done": true
  },
  "enigmaticlegacy:recipes/generic/redstonelamps": {
    "criteria": {
      "has_parent_recipe": "2024-07-15 02:54:51 +0000"
    },
    "done": false
  },
  "enigmaticlegacy:book/accessories/golden_ring": {
    "criteria": {
      "has_the_recipe": "2024-07-13 03:23:30 +0000"
    },
    "done": true
  },
  "comforts:sleeping_bag_red": {
    "criteria": {
      "has_the_recipe": "2024-07-13 02:47:47 +0000"
    },
    "done": true
  },
  "incendium:technical/using/trailblazer": {
    "criteria": {
      "log_spam_fixer": "2024-07-13 02:48:29 +0000"
    },
    "done": false
  },
  "enigmaticlegacy:recipes/generic/desolation_ring": {
    "criteria": {
      "has_parent_recipe": "2024-07-13 03:23:30 +0000"
    },
    "done": false
  },
  "takesapillage:root": {
    "criteria": {
      "always": "2024-07-13 02:47:47 +0000"
    },
    "done": true
  },
  "incendium:technical/scroll_of_returning": {
    "criteria": {
      "log_spam_fixer": "2024-07-13 02:48:29 +0000"
    },
    "done": false
  },
  "minecraft:story/obtain_armor": {
    "criteria": {
      "iron_chestplate": "2024-07-13 05:17:07 +0000"
    },
    "done": true
  },
  "comforts:sleeping_bag_blue": {
    "criteria": {
      "has_the_recipe": "2024-07-13 02:47:47 +0000"
    },
    "done": true
  },
  "blue_skies:everbright/get_ventium": {
    "criteria": {
      "obtain_material": "2024-07-13 19:27:03 +0000"
    },
    "done": true
  },
  "vinery:spruce_wine_rack_big": {
    "criteria": {
      "has_the_recipe": "2024-07-13 02:47:47 +0000"
    },
    "done": true
  },
  "minecraft:story/mine_stone": {
    "criteria": {
      "get_stone": "2024-07-13 05:23:37 +0000"
    },
    "done": true
  },
  "deeperdarker:main/kill_all_sculk_mobs": {
    "criteria": {
      "phantom": "2024-07-15 01:47:32 +0000"
    },
    "done": false
  },
  "enigmaticlegacy:book/accessories/iron_ring": {
    "criteria": {
      "has_the_recipe": "2024-07-13 03:23:30 +0000"
    },
    "done": true
  },
  "undead_unleashed:shards_of_the_past": {
    "criteria": {
      "shards_of_the_past": "2024-07-13 03:31:07 +0000"
    },
    "done": true
  },
  "morevillagers:root": {
    "criteria": {
      "always": "2024-07-13 02:47:47 +0000"
    },
    "done": true
  },
  "enigmaticlegacy:book/brewing/haste_potion": {
    "criteria": {
      "has_items": "2024-07-13 05:31:50 +0000"
    },
    "done": true
  },
  "vinery:loam_stairs": {
    "criteria": {
      "has_the_recipe": "2024-07-13 02:47:46 +0000"
    },
    "done": true
  },
  "minecraft:adventure/sleep_in_bed": {
    "criteria": {
      "slept_in_bed": "2024-07-13 03:12:15 +0000"
    },
    "done": true
  },
  "ars_nouveau:root": {
    "criteria": {
      "ars_nouveau:worn_notebook": "2024-07-13 02:47:46 +0000"
    },
    "done": true
  },
  "vinery:jungle_wine_rack_small": {
    "criteria": {
      "has_the_recipe": "2024-07-13 02:47:46 +0000"
    },
    "done": true
  },
  "comforts:sleeping_bag_orange": {
    "criteria": {
      "has_the_recipe": "2024-07-13 02:47:47 +0000"
    },
    "done": true
  },
  "minecraft:husbandry/root": {
    "criteria": {
      "consumed_item": "2024-07-13 03:11:18 +0000"
    },
    "done": true
  },
  "apotheosis:affix/chests": {
    "criteria": {
      "sword": "2024-07-13 03:06:39 +0000"
    },
    "done": true
  },
  "lootr:10loot": {
    "criteria": {
      "loot_stat": "2024-07-13 03:27:26 +0000"
    },
    "done": true
  },
  "incendium:technical/inventory/firestorm": {
    "criteria": {
      "log_spam_fixer": "2024-07-13 02:48:29 +0000"
    },
    "done": false
  },
  "vinery:flower_box": {
    "criteria": {
      "has_the_recipe": "2024-07-13 02:47:47 +0000"
    },
    "done": true
  },
  "majruszsdifficulty:creeperling": {
    "criteria": {
      "encountered_creeperling": "2024-07-13 05:22:57 +0000"
    },
    "done": true
  },
  "minecraft:adventure/root": {
    "criteria": {
      "killed_something": "2024-07-13 02:59:46 +0000"
    },
    "done": true
  },
  "enigmaticlegacy:recipes/generic/ender_ring": {
    "criteria": {
      "has_parent_recipe": "2024-07-13 03:23:30 +0000"
    },
    "done": false
  },
  "apotheosis:affix/random": {
    "criteria": {
      "sword": "2024-07-13 15:39:59 +0000"
    },
    "done": true
  },
  "comforts:hammock_red": {
    "criteria": {
      "has_the_recipe": "2024-07-13 02:47:46 +0000"
    },
    "done": true
  },
  "lootr:social": {
    "criteria": {
      "opened_barrel": "2024-07-13 03:46:56 +0000",
      "opened_chest": "2024-07-13 03:03:41 +0000"
    },
    "done": false
  },
  "vinery:cherry_door": {
    "criteria": {
      "has_the_recipe": "2024-07-13 02:47:46 +0000"
    },
    "done": true
  },
  "farmersdelight:main/root": {
    "criteria": {
      "seeds": "2024-07-13 02:47:46 +0000"
    },
    "done": true
  },
  "comforts:hammock_black_from_white": {
    "criteria": {
      "has_the_recipe": "2024-07-13 02:47:46 +0000"
    },
    "done": true
  },
  "vinery:wine_rack_3": {
    "criteria": {
      "has_the_recipe": "2024-07-13 02:47:47 +0000"
    },
    "done": true
  },
  "vinery:wine_rack_5": {
    "criteria": {
      "has_the_recipe": "2024-07-13 02:47:47 +0000"
    },
    "done": true
  },
  "comforts:hammock_gray_from_white": {
    "criteria": {
      "has_the_recipe": "2024-07-13 02:47:47 +0000"
    },
    "done": true
  },
  "vinery:white_grape_crate": {
    "criteria": {
      "has_the_recipe": "2024-07-13 02:47:47 +0000"
    },
    "done": true
  },
  "minecraft:adventure/kill_all_mobs": {
    "criteria": {
      "minecraft:pillager": "2024-07-13 03:19:27 +0000",
      "minecraft:skeleton": "2024-07-13 03:31:06 +0000",
      "minecraft:vindicator": "2024-07-13 03:22:17 +0000",
      "minecraft:spider": "2024-07-13 05:36:26 +0000",
      "minecraft:creeper": "2024-07-15 02:06:44 +0000",
      "minecraft:phantom": "2024-07-15 01:47:32 +0000",
      "minecraft:husk": "2024-07-13 15:50:56 +0000",
      "minecraft:cave_spider": "2024-07-13 16:11:00 +0000",
      "minecraft:stray": "2024-07-13 15:50:58 +0000",
      "minecraft:silverfish": "2024-07-15 02:05:33 +0000",
      "minecraft:zombie": "2024-07-13 15:43:09 +0000"
    },
    "done": false
  },
  "minecraft:story/enter_the_nether": {
    "criteria": {
      "entered_nether": "2024-07-13 05:30:04 +0000"
    },
    "done": true
  },
  "incendium:technical/sentrys_wrath": {
    "criteria": {
      "log_spam_fixer": "2024-07-13 02:48:29 +0000"
    },
    "done": false
  },
  "enigmaticlegacy:book/brewing/molten_heart_potion": {
    "criteria": {
      "has_items": "2024-07-13 05:30:21 +0000"
    },
    "done": true
  },
  "minecraft:story/enchant_item": {
    "criteria": {
      "enchanted_item": "2024-07-15 02:19:16 +0000"
    },
    "done": true
  },
  "apotheosis:affix/mythic_gem": {
    "criteria": {
      "gem": "2024-07-13 03:19:41 +0000"
    },
    "done": true
  },
  "minecraft:adventure/trade": {
    "criteria": {
      "traded": "2024-07-13 19:26:15 +0000"
    },
    "done": true
  },
  "vinery:shelf": {
    "criteria": {
      "has_the_recipe": "2024-07-13 02:47:47 +0000"
    },
    "done": true
  },
  "vinery:cherry_floorboard": {
    "criteria": {
      "has_the_recipe": "2024-07-13 02:47:47 +0000"
    },
    "done": true
  },
  "comforts:hammock_lime_from_white": {
    "criteria": {
      "has_the_recipe": "2024-07-13 02:47:47 +0000"
    },
    "done": true
  },
  "vinery:wine_rack_1": {
    "criteria": {
      "has_the_recipe": "2024-07-13 02:47:46 +0000"
    },
    "done": true
  },
  "vinery:cherry_sign": {
    "criteria": {
      "has_the_recipe": "2024-07-13 02:47:47 +0000"
    },
    "done": true
  },
  "apotheosis:affix/rare_gem": {
    "criteria": {
      "gem": "2024-07-13 03:06:40 +0000"
    },
    "done": true
  },
  "vinery:wine_rack_2": {
    "criteria": {
      "has_the_recipe": "2024-07-13 02:47:46 +0000"
    },
    "done": true
  },
  "comforts:hammock_orange_from_white": {
    "criteria": {
      "has_the_recipe": "2024-07-13 02:47:46 +0000"
    },
    "done": true
  },
  "minecraft:adventure/voluntary_exile": {
    "criteria": {
      "voluntary_exile": "2024-07-13 03:21:12 +0000"
    },
    "done": true
  },
  "morevillagers:all_workstations_get": {
    "criteria": {
      "smithingtable": "2024-07-13 05:19:06 +0000"
    },
    "done": false
  },
  "toms_storage:unlock_chest": {
    "criteria": {
      "inv_changed-chest": "2024-07-13 02:47:46 +0000"
    },
    "done": true
  },
  "comforts:sleeping_bag_light_gray_from_white": {
    "criteria": {
      "has_the_recipe": "2024-07-13 02:47:47 +0000"
    },
    "done": true
  },
  "totw_modded:root": {
    "criteria": {
      "sample_trigger": "2024-07-13 02:47:46 +0000"
    },
    "done": true
  },
  "betterdeserttemples:root": {
    "criteria": {
      "always": "2024-07-13 02:47:47 +0000"
    },
    "done": true
  },
  "naturescompass:natures_compass_log": {
    "criteria": {
      "has_recipe": "2024-07-13 02:47:46 +0000"
    },
    "done": true
  },
  "incendium:technical/feed_ghastling": {
    "criteria": {
      "log_spam_fixer": "2024-07-13 02:48:29 +0000"
    },
    "done": false
  },
  "lootr:25loot": {
    "criteria": {
      "loot_stat": "2024-07-13 03:47:18 +0000"
    },
    "done": true
  },
  "minecraft:story/mine_diamond": {
    "criteria": {
      "diamond": "2024-07-13 03:47:22 +0000"
    },
    "done": true
  },
  "vinery:wine_press": {
    "criteria": {
      "has_the_recipe": "2024-07-13 02:47:47 +0000"
    },
    "done": true
  },
  "repurposed_structures:monuments": {
    "criteria": {
      "in_monument_nether": "2024-07-15 02:47:42 +0000"
    },
    "done": false
  },
  "comforts:hammock_blue": {
    "criteria": {
      "has_the_recipe": "2024-07-13 02:47:46 +0000"
    },
    "done": true
  },
  "comforts:hammock_gray": {
    "criteria": {
      "has_the_recipe": "2024-07-13 02:47:46 +0000"
    },
    "done": true
  },
  "betterdungeons:spider_dungeon": {
    "criteria": {
      "in_better_spider_dungeon": "2024-07-13 03:33:15 +0000"
    },
    "done": true
  },
  "undead_unleashed:nerves_of_steel": {
    "criteria": {
      "nerves_of_steel": "2024-07-13 15:53:14 +0000"
    },
    "done": true
  },
  "lootr:1barrel": {
    "criteria": {
      "opened_barrel": "2024-07-13 03:46:56 +0000"
    },
    "done": true
  },
  "majruszsaccessories:dream_catcher": {
    "criteria": {
      "picked_up_accessory": "2024-07-13 03:42:48 +0000"
    },
    "done": true
  },
  "immersive_armors:recipes/misc/wooden": {
    "criteria": {
      "has_item": "2024-07-13 03:00:53 +0000"
    },
    "done": true
  },
  "incendium:technical/on_inventory_change": {
    "criteria": {
      "log_spam_fixer": "2024-07-13 02:48:29 +0000"
    },
    "done": false
  },
  "enigmaticlegacy:recipes/generic/the_twist": {
    "criteria": {
      "has_parent_recipe": "2024-07-13 02:47:46 +0000"
    },
    "done": false
  },
  "enigmaticlegacy:recipes/generic/xp_scroll": {
    "criteria": {
      "has_items": "2024-07-13 03:27:33 +0000"
    },
    "done": false
  },
  "majruszsdifficulty:game_stage_normal": {
    "criteria": {
      "is_triggered": "2024-07-13 02:47:47 +0000"
    },
    "done": true
  },
  "minecraft:husbandry/tame_an_animal": {
    "criteria": {
      "tamed_animal": "2024-07-14 02:42:18 +0000"
    },
    "done": true
  },
  "vinery:flower_pot": {
    "criteria": {
      "has_the_recipe": "2024-07-13 02:47:47 +0000"
    },
    "done": true
  },
  "cisco_mod:adventurer_ad": {
    "criteria": {
      "adventurer_ad": "2024-07-13 05:17:27 +0000"
    },
    "done": true
  },
  "vinery:cherry_chest_boat": {
    "criteria": {
      "has_the_recipe": "2024-07-13 02:47:46 +0000"
    },
    "done": true
  },
  "comforts:hammock_white": {
    "criteria": {
      "has_the_recipe": "2024-07-13 02:47:47 +0000"
    },
    "done": true
  },
  "farmersdelight:main/master_chef": {
    "criteria": {
      "ratatouille": "2024-07-13 16:01:48 +0000",
      "bacon_and_eggs": "2024-07-13 15:49:57 +0000"
    },
    "done": false
  },
  "comforts:sleeping_bag_green_from_white": {
    "criteria": {
      "has_the_recipe": "2024-07-13 02:47:47 +0000"
    },
    "done": true
  },
  "repurposed_structures:villages": {
    "criteria": {
      "in_village_jungle": "2024-07-13 04:34:17 +0000"
    },
    "done": false
  },
  "dungeons_enhanced:root": {
    "criteria": {
      "entered_desert_tomb": "2024-07-13 03:38:06 +0000"
    },
    "done": true
  },
  "vinery:spruce_wine_rack_small": {
    "criteria": {
      "has_the_recipe": "2024-07-13 02:47:47 +0000"
    },
    "done": true
  },
  "comforts:sleeping_bag_black_from_white": {
    "criteria": {
      "has_the_recipe": "2024-07-13 02:47:47 +0000"
    },
    "done": true
  },
  "vinery:grapevine_stem": {
    "criteria": {
      "has_the_recipe": "2024-07-13 02:47:46 +0000"
    },
    "done": true
  },
  "bygonenether:root": {
    "criteria": {
      "entered_nether": "2024-07-13 05:30:04 +0000"
    },
    "done": true
  },
  "comforts:hammock_light_blue_from_white": {
    "criteria": {
      "has_the_recipe": "2024-07-13 02:47:47 +0000"
    },
    "done": true
  },
  "vinery:stackable_log": {
    "criteria": {
      "has_the_recipe": "2024-07-13 02:47:47 +0000"
    },
    "done": true
  },
  "minecraft:nether/find_fortress": {
    "criteria": {
      "in_better_fortress": "2024-07-15 02:46:18 +0000"
    },
    "done": true
  },
  "vinery:vinemaker_boots": {
    "criteria": {
      "has_the_recipe": "2024-07-13 02:47:47 +0000"
    },
    "done": true
  },
  "aquamirae:adventure/root": {
    "criteria": {
      "crafting_table": "2024-07-13 05:03:40 +0000"
    },
    "done": true
  },
  "toms_storage:unlock_netherite": {
    "criteria": {
      "inv_changed-netherite": "2024-07-13 02:47:46 +0000"
    },
    "done": true
  },
  "simplyswords:grant_book_on_first_join": {
    "criteria": {
      "tick": "2024-07-13 02:47:47 +0000"
    },
    "done": true
  },
  "vinery:dirt_slab": {
    "criteria": {
      "has_the_recipe": "2024-07-13 02:47:47 +0000"
    },
    "done": true
  },
  "vinery:cherry_stairs": {
    "criteria": {
      "has_the_recipe": "2024-07-13 02:47:46 +0000"
    },
    "done": true
  },
  "incendium:technical/inventory/sentrys_wrath": {
    "criteria": {
      "log_spam_fixer": "2024-07-13 02:48:29 +0000"
    },
    "done": false
  },
  "vinery:grass_slab": {
    "criteria": {
      "has_the_recipe": "2024-07-13 02:47:47 +0000"
    },
    "done": true
  },
  "alexsmobs:alexsmobs/guster": {
    "criteria": {
      "killed_by": "2024-07-13 15:55:58 +0000"
    },
    "done": true
  },
  "mowziesmobs:root": {
    "criteria": {
      "custom_test_name": "2024-07-13 02:47:47 +0000"
    },
    "done": true
  },
  "comforts:hammock_cyan": {
    "criteria": {
      "has_the_recipe": "2024-07-13 02:47:47 +0000"
    },
    "done": true
  },
  "enigmaticlegacy:recipes/generic/shroomlamps": {
    "criteria": {
      "has_parent_recipe": "2024-07-15 02:54:51 +0000"
    },
    "done": false
  },
  "comforts:sleeping_bag_purple": {
    "criteria": {
      "has_the_recipe": "2024-07-13 02:47:47 +0000"
    },
    "done": true
  },
  "minecraft:story/deflect_arrow": {
    "criteria": {
      "deflected_projectile": "2024-07-13 15:52:21 +0000"
    },
    "done": true
  },
  "farmersdelight:main/get_fd_seed": {
    "criteria": {
      "rice": "2024-07-13 03:34:43 +0000"
    },
    "done": true
  },
  "comforts:sleeping_bag_purple_from_white": {
    "criteria": {
      "has_the_recipe": "2024-07-13 02:47:47 +0000"
    },
    "done": true
  },
  "enigmaticlegacy:recipes/generic/golden_ring": {
    "criteria": {
      "has_parent_recipe": "2024-07-13 03:23:30 +0000",
      "has_items": "2024-07-13 03:23:30 +0000"
    },
    "done": true
  },
  "cataclysm:root": {
    "criteria": {
      "custom_test_name": "2024-07-13 02:47:47 +0000"
    },
    "done": true
  },
  "comforts:sleeping_bag_yellow": {
    "criteria": {
      "has_the_recipe": "2024-07-13 02:47:47 +0000"
    },
    "done": true
  },
  "immersive_armors:recipes/misc/bone": {
    "criteria": {
      "has_item": "2024-07-13 03:15:26 +0000"
    },
    "done": true
  },
  "irons_spellbooks:grant_patchouli": {
    "criteria": {
      "tick": "2024-07-13 02:47:47 +0000"
    },
    "done": true
  },
  "comforts:hammock_light_gray": {
    "criteria": {
      "has_the_recipe": "2024-07-13 02:47:47 +0000"
    },
    "done": true
  },
  "majruszsdifficulty:game_stage_expert": {
    "criteria": {
      "is_triggered": "2024-07-13 05:30:04 +0000"
    },
    "done": true
  },
  "vinery:acacia_wine_rack_small": {
    "criteria": {
      "has_the_recipe": "2024-07-13 02:47:47 +0000"
    },
    "done": true
  },
  "irons_spellbooks:irons_spellbooks/ink_root": {
    "criteria": {
      "requirement": "2024-07-13 03:25:05 +0000"
    },
    "done": true
  },
  "comforts:sleeping_bag_orange_from_white": {
    "criteria": {
      "has_the_recipe": "2024-07-13 02:47:47 +0000"
    },
    "done": true
  },
  "comforts:hammock_yellow_from_white": {
    "criteria": {
      "has_the_recipe": "2024-07-13 02:47:47 +0000"
    },
    "done": true
  },
  "vinery:cherry_boat": {
    "criteria": {
      "has_the_recipe": "2024-07-13 02:47:47 +0000"
    },
    "done": true
  },
  "enigmaticlegacy:recipes/generic/super_magnet_ring": {
    "criteria": {
      "has_parent_recipe": "2024-07-13 03:47:22 +0000"
    },
    "done": false
  },
  "comforts:sleeping_bag_blue_from_white": {
    "criteria": {
      "has_the_recipe": "2024-07-13 02:47:47 +0000"
    },
    "done": true
  },
  "vinery:mangrove_wine_rack_big": {
    "criteria": {
      "has_the_recipe": "2024-07-13 02:47:47 +0000"
    },
    "done": true
  },
  "vinery:wine_bottle": {
    "criteria": {
      "has_the_recipe": "2024-07-13 02:47:47 +0000"
    },
    "done": true
  },
  "apotheosis:affix/gem": {
    "criteria": {
      "gem": "2024-07-13 03:06:40 +0000"
    },
    "done": true
  },
  "comforts:sleeping_bag_green": {
    "criteria": {
      "has_the_recipe": "2024-07-13 02:47:47 +0000"
    },
    "done": true
  },
  "comforts:sleeping_bag_brown_from_white": {
    "criteria": {
      "has_the_recipe": "2024-07-13 02:47:47 +0000"
    },
    "done": true
  },
  "undead_unleashed:boo": {
    "criteria": {
      "boo": "2024-07-13 15:51:38 +0000"
    },
    "done": true
  },
  "minecraft:story/iron_tools": {
    "criteria": {
      "iron_pickaxe": "2024-07-15 01:55:17 +0000"
    },
    "done": true
  },
  "comforts:sleeping_bag_white": {
    "criteria": {
      "has_the_recipe": "2024-07-13 02:47:47 +0000"
    },
    "done": true
  },
  "comforts:hammock_light_gray_from_white": {
    "criteria": {
      "has_the_recipe": "2024-07-13 02:47:47 +0000"
    },
    "done": true
  },
  "comforts:sleeping_bag_brown": {
    "criteria": {
      "has_the_recipe": "2024-07-13 02:47:47 +0000"
    },
    "done": true
  },
  "comforts:sleeping_bag_gray": {
    "criteria": {
      "has_the_recipe": "2024-07-13 02:47:47 +0000"
    },
    "done": true
  },
  "minecraft:story/root": {
    "criteria": {
      "crafting_table": "2024-07-13 05:03:40 +0000"
    },
    "done": true
  },
  "comforts:hammock_light_blue": {
    "criteria": {
      "has_the_recipe": "2024-07-13 02:47:47 +0000"
    },
    "done": true
  },
  "minecraft:story/form_obsidian": {
    "criteria": {
      "obsidian": "2024-07-13 05:24:02 +0000"
    },
    "done": true
  },
  "comforts:rope_and_nail": {
    "criteria": {
      "has_the_recipe": "2024-07-13 02:47:46 +0000"
    },
    "done": true
  },
  "vinery:acacia_wine_rack_big": {
    "criteria": {
      "has_the_recipe": "2024-07-13 02:47:46 +0000"
    },
    "done": true
  },
  "vinery:jungle_wine_rack_big": {
    "criteria": {
      "has_the_recipe": "2024-07-13 02:47:46 +0000"
    },
    "done": true
  },
  "vinery:loam_slab": {
    "criteria": {
      "has_the_recipe": "2024-07-13 02:47:46 +0000"
    },
    "done": true
  },
  "vinery:cherry_planks": {
    "criteria": {
      "has_the_recipe": "2024-07-13 02:47:46 +0000"
    },
    "done": true
  },
  "betterdungeons:root": {
    "criteria": {
      "always": "2024-07-13 02:47:47 +0000"
    },
    "done": true
  },
  "vinery:stripped_cherry_wood": {
    "criteria": {
      "has_the_recipe": "2024-07-13 02:47:46 +0000"
    },
    "done": true
  },
  "explorerscompass:explorers_compass_cracked_stone_bricks": {
    "criteria": {
      "has_cracked_stone_bricks": "2024-07-13 02:47:46 +0000"
    },
    "done": true
  },
  "comforts:sleeping_bag_red_from_white": {
    "criteria": {
      "has_the_recipe": "2024-07-13 02:47:47 +0000"
    },
    "done": true
  },
  "lootr:root": {
    "criteria": {
      "always_true": "2024-07-13 02:47:47 +0000"
    },
    "done": true
  },
  "minecraft:adventure/kill_a_mob": {
    "criteria": {
      "minecraft:pillager": "2024-07-13 03:19:27 +0000"
    },
    "done": true
  },
  "enigmaticlegacy:book/decorations/lamp": {
    "criteria": {
      "has_the_recipe": "2024-07-15 02:54:51 +0000"
    },
    "done": true
  },
  "incendium:technical/multiplex_crossbow": {
    "criteria": {
      "log_spam_fixer": "2024-07-13 02:48:29 +0000"
    },
    "done": false
  },
  "comforts:sleeping_bag_magenta_from_white": {
    "criteria": {
      "has_the_recipe": "2024-07-13 02:47:47 +0000"
    },
    "done": true
  },
  "byg:root": {
    "criteria": {
      "tick": "2024-07-13 02:47:47 +0000"
    },
    "done": true
  },
  "comforts:hammock_magenta_from_white": {
    "criteria": {
      "has_the_recipe": "2024-07-13 02:47:47 +0000"
    },
    "done": true
  },
  "immersive_paintings:misc/glow_painting": {
    "criteria": {
      "has_item": "2024-07-15 03:18:06 +0000"
    },
    "done": true
  },
  "byg:adventure/oh_the_biomes_youll_go": {
    "criteria": {
      "byg:sythian_torrids": "2024-07-13 05:30:52 +0000",
      "byg:firecracker_shrubland": "2024-07-13 20:22:40 +0000",
      "byg:subzero_hypogeal": "2024-07-13 05:30:05 +0000",
      "byg:araucaria_savanna": "2024-07-13 20:20:07 +0000",
      "byg:red_rock_valley": "2024-07-15 02:00:15 +0000",
      "byg:mojave_desert": "2024-07-13 04:13:28 +0000",
      "byg:dacite_shore": "2024-07-15 02:00:34 +0000"
    },
    "done": false
  },
  "comforts:hammock_brown_from_white": {
    "criteria": {
      "has_the_recipe": "2024-07-13 02:47:47 +0000"
    },
    "done": true
  },
  "toms_storage:unlock_glowstone": {
    "criteria": {
      "inv_changed-glowstone": "2024-07-13 02:47:46 +0000"
    },
    "done": true
  },
  "minecraft:nether/obtain_blaze_rod": {
    "criteria": {
      "blaze_rod": "2024-07-13 05:30:21 +0000"
    },
    "done": true
  },
  "vinery:vinemaker_apron": {
    "criteria": {
      "has_the_recipe": "2024-07-13 02:47:47 +0000"
    },
    "done": true
  },
  "incendium:technical/firestorm": {
    "criteria": {
      "log_spam_fixer": "2024-07-13 02:48:29 +0000"
    },
    "done": false
  },
  "enigmaticlegacy:book/enchantments/generic": {
    "criteria": {
      "has_items": "2024-07-13 16:15:41 +0000"
    },
    "done": true
  },
  "enigmaticlegacy:book/accessories/insignia": {
    "criteria": {
      "has_the_recipe": "2024-07-13 03:24:52 +0000"
    },
    "done": true
  },
  "minecraft:adventure/adventuring_time": {
    "criteria": {
      "atmospheric:rainforest": "2024-07-13 04:33:25 +0000",
      "minecraft:eroded_badlands": "2024-07-13 03:31:54 +0000",
      "minecraft:bamboo_jungle": "2024-07-13 04:34:26 +0000",
      "minecraft:badlands": "2024-07-13 03:31:59 +0000",
      "minecraft:savanna_plateau": "2024-07-13 04:58:32 +0000",
      "minecraft:beach": "2024-07-13 04:45:26 +0000",
      "minecraft:dark_forest": "2024-07-13 04:45:19 +0000",
      "minecraft:mangrove_swamp": "2024-07-13 03:49:37 +0000",
      "minecraft:sparse_jungle": "2024-07-13 04:34:19 +0000",
      "minecraft:river": "2024-07-13 03:31:56 +0000",
      "minecraft:stony_shore": "2024-07-13 04:19:40 +0000",
      "atmospheric:dunes": "2024-07-13 04:14:56 +0000",
      "minecraft:forest": "2024-07-13 04:33:15 +0000",
      "minecraft:desert": "2024-07-13 03:01:29 +0000",
      "minecraft:jungle": "2024-07-13 04:33:34 +0000",
      "minecraft:windswept_savanna": "2024-07-13 03:43:26 +0000",
      "minecraft:warm_ocean": "2024-07-13 03:11:04 +0000",
      "atmospheric:scrubland": "2024-07-13 02:48:29 +0000",
      "atmospheric:petrified_dunes": "2024-07-13 04:14:14 +0000",
      "minecraft:savanna": "2024-07-13 04:58:44 +0000",
      "minecraft:plains": "2024-07-13 04:49:22 +0000"
    },
    "done": false
  },
  "byg:husbandry/root": {
    "criteria": {
      "consumed_item": "2024-07-13 03:11:18 +0000"
    },
    "done": true
  },
  "comforts:hammock_blue_from_white": {
    "criteria": {
      "has_the_recipe": "2024-07-13 02:47:47 +0000"
    },
    "done": true
  },
  "apotheosis:enchanting/30ench": {
    "criteria": {
      "enchanted_item": "2024-07-15 02:19:16 +0000"
    },
    "done": true
  },
  "blue_skies:get_moonstone_shard": {
    "criteria": {
      "obtain_moonstone_shard": "2024-07-13 19:27:50 +0000"
    },
    "done": true
  },
  "undead_unleashed:undead_unleashed": {
    "criteria": {
      "undead_unleashed": "2024-07-13 02:47:46 +0000"
    },
    "done": true
  },
  "comforts:sleeping_bag_gray_from_white": {
    "criteria": {
      "has_the_recipe": "2024-07-13 02:47:47 +0000"
    },
    "done": true
  },
  "enigmaticlegacy:recipes/generic/insignia": {
    "criteria": {
      "has_iron_ingot": "2024-07-13 03:24:52 +0000"
    },
    "done": true
  },
  "incendium:technical/using/ragnarok": {
    "criteria": {
      "log_spam_fixer": "2024-07-13 02:48:29 +0000"
    },
    "done": false
  },
  "comforts:sleeping_bag_cyan": {
    "criteria": {
      "has_the_recipe": "2024-07-13 02:47:47 +0000"
    },
    "done": true
  },
  "toms_storage:unlock_dia_pearl": {
    "criteria": {
      "inv_changed-ender_pearl": "2024-07-13 02:47:46 +0000",
      "inv_changed-diamond": "2024-07-13 02:47:46 +0000"
    },
    "done": true
  },
  "apotheosis:enchanting/bookshelf": {
    "criteria": {
      "bookshelf": "2024-07-13 19:27:21 +0000"
    },
    "done": true
  },
  "incendium:technical/new_player": {
    "criteria": {
      "requirement": "2024-07-13 02:47:47 +0000"
    },
    "done": true
  },
  "repurposed_structures:ruins": {
    "criteria": {
      "in_ruins_land_hot": "2024-07-15 01:49:37 +0000"
    },
    "done": false
  },
  "comforts:hammock_purple_from_white": {
    "criteria": {
      "has_the_recipe": "2024-07-13 02:47:47 +0000"
    },
    "done": true
  },
  "vinery:oak_wine_rack_big": {
    "criteria": {
      "has_the_recipe": "2024-07-13 02:47:47 +0000"
    },
    "done": true
  },
  "incendium:technical/holy_wrath": {
    "criteria": {
      "log_spam_fixer": "2024-07-13 02:48:29 +0000"
    },
    "done": false
  },
  "explorerscompass:explorers_compass": {
    "criteria": {
      "has_recipe": "2024-07-13 02:47:46 +0000",
      "has_compass": "2024-07-13 02:47:46 +0000"
    },
    "done": true
  },
  "apotheosis:enchanting/enchanter": {
    "criteria": {
      "enchanting_table": "2024-07-13 16:15:41 +0000"
    },
    "done": true
  },
  "minecraft:nether/find_bastion": {
    "criteria": {
      "bastion": "2024-07-15 02:47:27 +0000"
    },
    "done": true
  },
  "ironfurnaces:coal": {
    "criteria": {
      "rainbowcoal": "2024-07-13 02:47:46 +0000"
    },
    "done": true
  },
  "comforts:sleeping_bag_pink_from_white": {
    "criteria": {
      "has_the_recipe": "2024-07-13 02:47:46 +0000"
    },
    "done": true
  },
  "minecraft:adventure/shoot_arrow": {
    "criteria": {
      "shot_arrow": "2024-07-13 03:20:23 +0000"
    },
    "done": true
  },
  "galosphere:adventure/silver_ingot": {
    "criteria": {
      "silver_ingot": "2024-07-15 03:17:12 +0000"
    },
    "done": true
  },
  "incendium:technical/give_ghastling": {
    "criteria": {
      "log_spam_fixer": "2024-07-13 02:48:29 +0000"
    },
    "done": false
  },
  "enigmaticlegacy:recipes/generic/lamps": {
    "criteria": {
      "has_core_block": "2024-07-15 02:54:51 +0000"
    },
    "done": true
  },
  "comforts:sleeping_bag_yellow_from_white": {
    "criteria": {
      "has_the_recipe": "2024-07-13 02:47:46 +0000"
    },
    "done": true
  },
  "incendium:technical/on_kill": {
    "criteria": {
      "log_spam_fixer": "2024-07-13 02:48:29 +0000"
    },
    "done": false
  },
  "vinery:cherry_wood": {
    "criteria": {
      "has_the_recipe": "2024-07-13 02:47:47 +0000"
    },
    "done": true
  },
  "incendium:technical/on_player_hurt": {
    "criteria": {
      "requirement": "2024-07-13 02:59:58 +0000",
      "log_spam_fixer": "2024-07-13 02:48:29 +0000"
    },
    "done": true
  },
  "enigmaticlegacy:book/misc/animal_guidebook": {
    "criteria": {
      "has_the_recipe": "2024-07-13 16:03:12 +0000"
    },
    "done": true
  },
  "majruszsdifficulty:kill_yourself": {
    "criteria": {
      "kill_yourself": "2024-07-13 15:43:09 +0000"
    },
    "done": true
  },
  "vinery:cherry_button": {
    "criteria": {
      "has_the_recipe": "2024-07-13 02:47:47 +0000"
    },
    "done": true
  },
  "dungeons_arise:wda_root": {
    "criteria": {
      "WDA": "2024-07-13 02:47:47 +0000"
    },
    "done": true
  },
  "vinery:coarse_dirt_slab": {
    "criteria": {
      "has_the_recipe": "2024-07-13 02:47:46 +0000"
    },
    "done": true
  },
  "vinery:campfire": {
    "criteria": {
      "has_the_recipe": "2024-07-13 02:47:47 +0000"
    },
    "done": true
  },
  "farmersdelight:main/craft_knife": {
    "criteria": {
      "iron_knife": "2024-07-13 03:34:33 +0000"
    },
    "done": true
  },
  "immersive_armors:recipes/misc/robe": {
    "criteria": {
      "has_item": "2024-07-13 19:28:24 +0000"
    },
    "done": true
  },
  "comforts:hammock_green_from_white": {
    "criteria": {
      "has_the_recipe": "2024-07-13 02:47:47 +0000"
    },
    "done": true
  },
  "comforts:hammock_orange": {
    "criteria": {
      "has_the_recipe": "2024-07-13 02:47:47 +0000"
    },
    "done": true
  },
  "lootr:50loot": {
    "criteria": {
      "loot_stat": "2024-07-13 04:11:44 +0000"
    },
    "done": true
  },
  "farmersdelight:main/eat_nourishing_food": {
    "criteria": {
      "nourishment": "2024-07-13 15:49:57 +0000"
    },
    "done": true
  },
  "totw_modded:regular_tower": {
    "criteria": {
      "regular": "2024-07-13 20:22:42 +0000"
    },
    "done": true
  },
  "comforts:hammock_pink": {
    "criteria": {
      "has_the_recipe": "2024-07-13 02:47:47 +0000"
    },
    "done": true
  },
  "comforts:sleeping_bag_magenta": {
    "criteria": {
      "has_the_recipe": "2024-07-13 02:47:47 +0000"
    },
    "done": true
  },
  "minecraft:nether/explore_nether": {
    "criteria": {
      "minecraft:nether_wastes": "2024-07-13 05:31:40 +0000",
      "minecraft:soul_sand_valley": "2024-07-15 02:45:51 +0000"
    },
    "done": false
  },
  "comforts:sleeping_bag_cyan_from_white": {
    "criteria": {
      "has_the_recipe": "2024-07-13 02:47:47 +0000"
    },
    "done": true
  },
  "atmospheric:adventure/dunes_pricks": {
    "criteria": {
      "aloe_vera": "2024-07-13 04:29:46 +0000",
      "yucca_flower": "2024-07-13 03:18:15 +0000",
      "barrel_cactus": "2024-07-13 04:28:29 +0000"
    },
    "done": true
  },
  "lootr:100loot": {
    "criteria": {
      "loot_stat": "2024-07-15 01:55:43 +0000"
    },
    "done": true
  },
  "vinery:grapevine_pot": {
    "criteria": {
      "has_the_recipe": "2024-07-13 02:47:47 +0000"
    },
    "done": true
  },
  "comforts:hammock_brown": {
    "criteria": {
      "has_the_recipe": "2024-07-13 02:47:47 +0000"
    },
    "done": true
  },
  "enigmaticlegacy:recipes/generic/animal_guidebook": {
    "criteria": {
      "has_items": "2024-07-13 16:03:12 +0000"
    },
    "done": true
  },
  "immersive_armors:recipes/misc/warrior": {
    "criteria": {
      "has_item": "2024-07-13 03:40:14 +0000"
    },
    "done": true
  },
  "incendium:root": {
    "criteria": {
      "requirement": "2024-07-13 05:30:04 +0000"
    },
    "done": true
  },
  "comforts:hammock_green": {
    "criteria": {
      "has_the_recipe": "2024-07-13 02:47:47 +0000"
    },
    "done": true
  },
  "minecraft:story/smelt_iron": {
    "criteria": {
      "iron": "2024-07-13 03:23:30 +0000"
    },
    "done": true
  },
  "meetyourfight:main/root": {
    "criteria": {
      "killed_something": "2024-07-13 02:59:46 +0000"
    },
    "done": true
  },
  "morevillagers:first_workstation_get": {
    "criteria": {
      "smithingtable": "2024-07-13 05:19:06 +0000"
    },
    "done": true
  },
  "majruszsaccessories:adventurer_kit": {
    "criteria": {
      "picked_up_accessory": "2024-07-13 03:25:32 +0000"
    },
    "done": true
  },
  "repurposed_structures:root": {
    "criteria": {
      "always": "2024-07-13 02:47:47 +0000"
    },
    "done": true
  },
  "vinery:cherry_fence_gate": {
    "criteria": {
      "has_the_recipe": "2024-07-13 02:47:46 +0000"
    },
    "done": true
  },
  "DataVersion": 3120
}